T,Strike,Type,Market_Price,SSVI_Price,IV_Market,IV_SSVI,Delta,Gamma,Vega,Theta
0.0022534421675249987,67000.0,call,6320.249062499999,6397.718920162268,0.00010000000000000002,0.5234765969730518,0.9998873162736895,2.431839740153973e-07,0.015403833539988787,-145.5320541414447
0.0022534421675249987,68000.0,call,5294.3535625,5399.675737134763,0.00010000000000000002,0.49129275821978424,0.9995053669947401,1.0295703697166113e-06,0.06120585837835238,-148.97381090603307
0.0022534421675249987,69000.0,call,4323.416749999999,4402.226369581884,0.00010000000000000002,0.4578391684864127,0.9978875478816625,4.183598141307474e-06,0.23177121668815076,-155.50278419127784
0.0022534421675249987,70000.0,call,3297.52125,3407.3270806995133,0.00010000000000000002,0.4231249303196256,0.991284778634732,1.605524775495475e-05,0.8220196917318073,-171.30432429664447
0.0022534421675249987,71000.0,call,2308.264875,2423.0719899916294,0.00010000000000000002,0.38752188285151407,0.9658545995266892,5.6169168504216396e-05,2.6338486879078458,-210.300183272029
0.0022534421675249987,71500.0,call,1831.9562500000002,1942.7917615980114,0.00010000000000000002,0.36976927928923775,0.9344726005284203,9.919567784368133e-05,4.438335942573826,-244.07338857302227
0.0022534421675249987,71500.0,put,80.60607499999999,37.10189577908932,0.4495831912682042,0.36976927928923775,-0.0655273994715797,9.919567784368133e-05,4.438335942573826,-89.27066996828245
0.0022534421675249987,72000.0,call,1373.9671875000001,1480.7728049563302,0.00010000000000000002,0.3525348815905677,0.8782981363878035,0.0001647486187207704,7.027817448467613,-286.9913451506621
0.0022534421675249987,72000.0,put,124.57302500000002,74.19175126456321,0.41706051881679074,0.3525348815905677,-0.12170186361219648,0.0001647486187207704,7.027817448467613,-131.10609005218274
0.0022534421675249987,72500.0,call,970.9368125000001,1052.2988171047546,0.2475485522588864,0.33652633030296314,0.7846608755505664,0.0002498306070431947,10.17328679888628,-330.5472022788156
0.0022534421675249987,72500.0,put,205.1791,144.8265755401262,0.3932870983904512,0.33652633030296314,-0.2153391244494336,0.0002498306070431947,10.17328679888628,-173.57941068659682
0.0022534421675249987,73000.0,call,622.865125,680.3455197088406,0.27798604341996047,0.322856156881802,0.6451626700604094,0.00033144053841788716,12.948256490808538,-355.1911381646073
0.0022534421675249987,73000.0,put,348.0716875,271.98209027135454,0.3810266141388178,0.322856156881802,-0.3548373299395906,0.00033144053841788716,12.948256490808538,-197.14081007864905
0.0022534421675249987,73500.0,call,340.7438625,390.71504692410963,0.27683705252626695,0.3129661153068141,0.4697594376279194,0.0003653964659327592,13.837519850986634,-337.07513147440517
0.0022534421675249987,73500.0,put,567.9064375,481.46042961376224,0.375402621784431,0.3129661153068141,-0.5302405623720806,0.0003653964659327592,13.837519850986634,-177.94226689470753
0.0022534421675249987,74000.0,call,164.8760625,197.27622030965722,0.2806736693724117,0.3080968523965173,0.29430222483231044,0.000321590084098427,11.989097879440003,-270.8929205804493
0.0022534421675249987,74000.0,put,897.6585625,787.130415126434,0.3972191327796229,0.3080968523965173,-0.7056977751676896,0.000321590084098427,11.989097879440003,-110.67751950701224
0.0022534421675249987,74500.0,put,1337.3280625000002,1177.787737208353,0.4674873678850511,0.30849815038660944,-0.8413372718717891,0.00022548900862975397,8.417333544940943,-21.58144495929998
0.0022534421675249987,75000.0,put,1795.317125,1624.8924444074655,0.5331961619509612,0.313280028754765,-0.924251663043131,0.00013088263142114256,4.961480891456165,55.93360823142041
0.0022534421675249987,75500.0,put,2253.3061875,2101.6965076896595,0.5824740720434926,0.3210868992041949,-0.9667441059472383,6.633433259273628e-05,2.5772559155796113,107.90396901747233
0.0022534421675249987,76000.0,put,2766.2539375,2591.8610843825445,0.6879406909303459,0.3307335453577251,-0.9861465137021913,3.0739212257638425e-05,1.230176921552461,137.62282769050194
0.0022534421675249987,76500.0,put,3260.8821249999996,3087.510585251366,0.7675260121679824,0.3413963890137539,-0.9944061006187859,1.3454205362049798e-05,0.5557936372948401,153.20897480202214
0.0022534421675249987,77000.0,put,3755.5103125000005,3585.3046296654647,0.8433537223183948,0.35255774059787076,-0.9977808662758745,5.681087378295858e-06,0.2423585348722494,161.16544205595153
0.004993168194922259,65000.0,call,8280.44225,8495.071826469743,0.00010000000000000002,0.5162464300306161,0.9996579795604987,4.674363784213102e-07,0.06470024776106754,-119.51053772158478
0.004993168194922259,66000.0,call,7291.185875,7498.807841638991,0.00010000000000000002,0.49250125308103515,0.9990932934057428,1.206762997638793e-06,0.15935133227222406,-122.49600071733862
0.004993168194922259,69000.0,call,4286.777625,4519.94605559521,0.00010000000000000002,0.4178640705054015,0.9848118356320898,1.769108265701177e-05,1.982055522123801,-146.60395172990695
0.004993168194922259,70000.0,call,3297.52125,3541.8193042536004,0.00010000000000000002,0.39214261679609724,0.9629520697207015,3.986861594531297e-05,4.191809867190261,-167.83632325474764
0.004993168194922259,71000.0,call,2363.2235625,2591.478243866397,0.00010000000000000002,0.3666573940065266,0.9132141787467983,8.324696521033688e-05,8.183804221738095,-200.12727113735258
0.004993168194922259,71000.0,put,87.93390000000001,76.65150769278262,0.38000846340564737,0.3666573940065266,-0.08678582125320167,8.324696521033688e-05,8.183804221738095,-70.53532343013153
0.004993168194922259,71500.0,call,1886.9149375000002,2137.1502377010765,0.00010000000000000002,0.35435035805814297,0.8701143118681804,0.00011522386609577126,10.947165724270032,-219.27627748857145
0.004993168194922259,71500.0,put,124.57302500000002,120.65746817411491,0.35790512368836375,0.35435035805814297,-0.12988568813181955,0.00011522386609577126,10.947165724270032,-88.7717104312996
0.004993168194922259,72000.0,call,1465.565,1706.2145363871387,0.00010000000000000002,0.34265835341717227,0.8096853958524828,0.0001530986152156474,14.065622581425579,-237.76038700139074
0.004993168194922259,72000.0,put,183.195625,188.05573350684062,0.33918982180210955,0.34265835341717227,-0.19031460414751722,0.0001530986152156474,14.065622581425579,-106.34320059406798
0.004993168194922259,72500.0,call,1044.2150625,1308.8873485461154,0.13858903975167833,0.33194913100421425,0.7288100592529083,0.00019278882710630174,17.15851785787061,-251.66902901041107
0.004993168194922259,72500.0,put,282.1212625,289.0625123124846,0.32789483275619974,0.33194913100421425,-0.2711899407470917,0.00019278882710630174,17.15851785787061,-119.3392232530375
0.004993168194922259,73000.0,call,714.4629375,957.2756689707894,0.19477585743648537,0.3226954801218826,0.6272636856707079,0.00022650206042216557,19.597082154479338,-255.9184023256899
0.004993168194922259,73000.0,put,439.6695,435.7847993838186,0.3246771727122132,0.3226954801218826,-0.3727363143292921,0.00022650206042216557,19.597082154479338,-122.67597721826543
0.004993168194922259,73500.0,call,457.98906250000005,663.1147747077121,0.2160931911619972,0.3154273423772845,0.5101020365464384,0.00024417898051101684,20.650662397642368,-245.94400240985186
0.004993168194922259,73500.0,put,659.5042500000001,639.9578717674012,0.32489258731267573,0.3154273423772845,-0.4898979634535616,0.00024417898051101684,20.650662397642368,-111.78895795237653
0.004993168194922259,74000.0,call,256.473875,433.8272609286323,0.21962273482813374,0.31061049968638255,0.3883904153085496,0.00023827368748336085,19.84351446148687,-220.42342763952684
0.004993168194922259,74000.0,put,989.2563749999999,909.004324634996,0.35085249482988523,0.31061049968638255,-0.6116095846914504,0.00023827368748336085,19.84351446148687,-85.35576383200068
0.004993168194922259,74500.0,call,139.22867499999998,268.80805505032185,0.22876600395644883,0.30848408763710417,0.2760729503409572,0.00020929334175748927,17.310696937659475,-183.05959666034312
0.004993168194922259,74500.0,put,1373.9671875000001,1242.3190854033382,0.38189048823489186,0.30848408763710417,-0.7239270496590429,0.00020929334175748927,17.310696937659475,-47.07931350276611
0.004993168194922259,75000.0,call,73.27825,159.05702637412105,0.23887021666763314,0.30896301528313247,0.18406650744211284,0.00016632613417758837,13.778227846858835,-141.19866268228415
0.004993168194922259,75000.0,put,1758.678,1630.902023373812,0.39369286356337063,0.30896301528313247,-0.8159334925578872,0.00016632613417758837,13.778227846858835,-4.305760174656282
0.004993168194922259,75500.0,call,40.303037499999995,90.88378037065377,0.25294498833394435,0.31168650738645864,0.11631544532551519,0.00012124353503028298,10.13218163670665,-102.0834895184822
0.004993168194922259,75500.0,put,2271.62575,2061.0627440170283,0.4729024533189841,0.31168650738645864,-0.8836845546744848,0.00012124353503028298,10.13218163670665,35.72203233919653
0.004993168194922259,76000.0,put,2766.2539375,2519.2118275851244,0.536721334008636,0.31616610925093463,-0.9294671781931576,8.249475839107573e-05,6.993072705933311,68.68819166767949
0.004993168194922259,76500.0,put,3260.8821249999996,2994.7060221689317,0.5972947387829024,0.32192299869029234,-0.9584855115796945,5.3279044419176375e-05,4.598697102264587,93.4955202648346
0.004993168194922259,77000.0,put,3737.19075,3480.3590016522066,0.6407720949464056,0.3285590209509426,-0.9760640697235388,3.312189967450585e-05,2.917796553090417,111.0582118716229
0.004993168194922259,77500.0,put,4250.1385,3971.7501686121104,0.7108187339902903,0.3357718032514884,-0.9863882121826246,2.0034001445210466e-05,1.803591988969784,123.03005951354254
0.004993168194922259,78500.0,put,5239.394875000001,4962.60320213277,0.8163272751864792,0.35111784607623137,-0.9956987254715075,6.953611356279238e-06,0.654620635519791,136.40260192018872
0.004993168194922259,79000.0,put,5752.342625,5459.831970309897,0.883418624014723,0.3589899606887498,-0.9975957142118075,4.030235620265732e-06,0.3879172697278574,140.05309794627038
0.004993168194922259,83000.0,put,9746.00725,9445.199773372224,1.2878084210285887,0.4200528782485771,-0.9999764702892536,4.643289771633549e-08,0.005229451337347745,151.43141076620043
0.004993168194922259,85000.0,put,11742.8395625,11438.525479715623,1.4725293276677318,0.44790443249943307,-0.9999975275198757,5.0839163150284564e-09,0.0006105343835994052,155.13745747911418
0.007732894222319519,68000.0,put,32.9752125,15.541965064078113,0.47487791371923443,0.42227309781019606,-0.01581341685490001,1.4563032850842415e-05,2.5535095784401527,-17.288429643138265
0.007732894222319519,70500.0,put,106.2534625,99.99642235218835,0.3745836382380521,0.36867038474353353,-0.08966317565986315,6.816574990351237e-05,10.435102439911025,-57.85246434793907
0.007732894222319519,71000.0,put,146.5565,143.52449483853707,0.3606307936772442,0.3583386809890331,-0.12376851928456989,8.85343132303403e-05,13.173390364024614,-69.39929895827915
0.007732894222319519,71500.0,call,1978.5127499999999,2293.9537675034953,0.00010000000000000002,0.3483894378271337,0.831328173125182,0.00011215402635626673,16.224528971529757,-190.6403979224211
0.007732894222319519,71500.0,put,205.1791,204.81361801116873,0.3486146380816701,0.3483894378271337,-0.16867182687481796,0.00011215402635626673,16.224528971529757,-80.73337492761081
0.007732894222319519,72000.0,call,1557.1628124999997,1881.3909658615958,0.00010000000000000002,0.33901052524240716,0.773786924978825,0.0001377072156051095,19.384835808859965,-201.05112031476935
0.007732894222319519,72000.0,put,289.4490875,290.07675937982276,0.338686645993407,0.33901052524240716,-0.22621307502117505,0.0001377072156051095,19.384835808859965,-90.37551673957572
0.007732894222319519,72500.0,call,1190.7715625,1500.2430218077352,0.17492290598520494,0.33044081979476453,0.7026159418536173,0.00016263964598554962,22.31579478891915,-207.8018927029513
0.007732894222319519,72500.0,put,421.3499375,406.75475833650853,0.3369641909893663,0.33044081979476453,-0.2973840581463827,0.00016263964598554962,22.31579478891915,-96.35770854737441
0.007732894222319519,73000.0,call,879.339,1158.5905332278562,0.2066276360322172,0.3229634220800515,0.6185178003163068,0.00018317221816910138,24.564345131444593,-208.7236256511614
0.007732894222319519,73000.0,put,586.226,562.9282127671613,0.3324366852978681,0.3229634220800515,-0.38148219968369323,0.00018317221816910138,24.564345131444593,-96.5108609152012
0.007732894222319519,73500.0,call,604.5455625000001,863.8918889193883,0.215749083379688,0.3168784511661434,0.5246702317174808,0.0001950023242582399,25.658114703692995,-202.05331182327697
0.007732894222319519,73500.0,put,824.3803125,766.0555114692324,0.3396083869708973,0.3168784511661434,-0.47532976828251916,0.0001950023242582399,25.658114703692995,-89.07196650693353
0.007732894222319519,74000.0,call,421.3499375,621.1533348548255,0.23286648455717493,0.3124509876223609,0.4268551512066286,0.0001948046816169303,25.27397429098227,-187.22339922895054
0.007732894222319519,74000.0,put,1135.812875,1021.142900415216,0.35770984208662715,0.3124509876223609,-0.5731448487933715,0.0001948046816169303,25.27397429098227,-73.4734733322238
0.007732894222319519,74500.0,call,267.4656125,431.2041491910022,0.23774731601769808,0.3098457767897865,0.3323927250212291,0.00018190567873961708,23.40367647908404,-165.3977185842132
0.007732894222319519,75000.0,call,172.2038875,290.10512738087345,0.24775854391624463,0.3090791514669833,0.24807417375492374,0.00015889826430119213,20.392999679110805,-139.27432327932462
0.007732894222319519,75000.0,put,1868.595375,1685.746578962353,0.3941699959091454,0.3090791514669833,-0.7519258262450763,0.00015889826430119213,20.392999679110805,-23.98723622183131
0.007732894222319519,75500.0,call,106.2534625,190.21206453389277,0.25522704295974075,0.3100172992174242,0.17822511473409364,0.00013053424631906787,16.803611895508865,-112.15278166177386
0.007732894222319519,76000.0,call,65.950425,122.29632823160682,0.2641846936684983,0.31242095069877474,0.12402414196241746,0.00010169329464112749,13.192427471263915,-86.85529435386006
0.007732894222319519,80000.0,put,7016.3924375,6376.769060166218,1.0151257675053786,0.35625843603015905,-0.9959351543701417,5.2354243605862655e-06,0.7744783721876273,117.62969921019668
0.010472620249716779,67000.0,call,6301.929499999999,6627.19092868283,0.00010000000000000002,0.4286709749250421,0.9852583686419506,1.1606069206478071e-05,2.7977877779233364,-100.88208474963977
0.010472620249716779,67000.0,put,32.9752125,17.01197909112534,0.474025125532544,0.4286709749250421,-0.0147416313580494,1.1606069206478071e-05,2.7977877779233364,-14.262118839847526
0.010472620249716779,68000.0,put,47.6308625,32.45472171390725,0.4381679790792778,0.40959084441254434,-0.02724457222561516,2.0446663619030506e-05,4.709537144216946,-22.595837912652968
0.010472620249716779,69000.0,put,73.27825,61.40234471024087,0.40523974060076473,0.3904985937959459,-0.04950986432175286,3.494406268435597e-05,7.673586695528522,-34.40227900901458
0.010472620249716779,70000.0,call,3407.438625,3740.0730547170388,0.00010000000000000002,0.3716571507531641,0.9119661976678737,5.7315902543111844e-05,11.979071655050227,-140.20290871535954
0.010472620249716779,70000.0,put,128.2369375,115.03161484509837,0.3824074799169782,0.3716571507531641,-0.08803380233212632,5.7315902543111844e-05,11.979071655050227,-49.70443686930795
0.010472620249716779,70500.0,put,172.2038875,156.71859593100635,0.372829784355319,0.362468003284781,-0.11615476988467077,7.191861720013304e-05,14.659411568233942,-58.24118325975082
0.010472620249716779,71000.0,call,2491.4605,2842.668079399984,0.00010000000000000002,0.35354414640866016,0.8481009085142301,8.86833202293926e-05,17.631575838091912,-158.59026499820257
0.010472620249716779,71000.0,put,227.162575,212.67247610131562,0.3616686022742143,0.35354414640866016,-0.15189909148576985,8.86833202293926e-05,17.631575838091912,-66.7989578400645
0.010472620249716779,71500.0,put,307.76865000000004,287.1909302832355,0.35481079212554983,0.34500011330710595,-0.19651401027249338,0.00010706994398083323,20.772671213256686,-74.65889626343102
0.010472620249716779,72000.0,put,403.030375,385.41712051815557,0.34432292548826654,0.3369798868054881,-0.25093206518260924,0.0001260003053270972,23.87707434329486,-80.85471051757341
0.010472620249716779,72500.0,call,1337.3280625000002,1650.584263358418,0.20426216864237115,0.32965686720792525,0.6845935000390321,0.0001437781429327651,26.653885703624248,-177.9674053137378
0.010472620249716779,72500.0,put,549.586875,513.1574149196276,0.34326637031586626,0.32965686720792525,-0.3154064999609679,0.0001437781429327651,26.653885703624248,-84.23684518747005
0.010472620249716779,73000.0,call,1044.2150625,1316.3162485604407,0.22718402601896123,0.32322687197077,0.6109127137893122,0.00015818609546571733,28.75287655744388,-178.01931786470115
0.010472620249716779,73000.0,put,732.7825,676.4123184082819,0.34279278362665966,0.32322687197077,-0.3890872862106878,0.00015818609546571733,28.75287655744388,-83.6423400823902
0.010472620249716779,73500.0,call,769.421625,1022.9438241760872,0.23284957405035278,0.3178906041855372,0.530310748002889,0.0001668682378870708,29.830250864838657,-173.19941315690448
0.010472620249716779,73500.0,put,989.2563749999999,880.5628123105635,0.3543218438480046,0.3178906041855372,-0.469689251997111,0.0001668682378870708,29.830250864838657,-78.17601771855031
0.010472620249716779,74000.0,call,567.9064375,774.165309206197,0.24403017566361881,0.31382484305689756,0.44650930633735786,0.00016799353655880668,29.64731906035368,-163.2066873358887
0.010472620249716779,74000.0,put,1282.3693750000002,1129.307215627312,0.365371163015085,0.31382484305689756,-0.5534906936626421,0.00016799353655880668,29.64731906035368,-67.5368742414913
0.010472620249716779,74500.0,call,403.030375,571.0104851324068,0.2505510138698387,0.31114814262684054,0.3641443018448151,0.00016096551415987863,28.16472972842125,-148.55671511062584
0.010472620249716779,75000.0,call,282.1212625,411.3949670269176,0.25763582122736167,0.30989376888569403,0.2877878635964489,0.000146768010502001,25.577010699142235,-130.54277965832347
0.010472620249716779,75000.0,put,1996.8323125,1761.5827100212846,0.39853027942002395,0.30989376888569403,-0.7122121364035511,0.000146768010502001,25.577010699142235,-33.580131251839646
0.010472620249716779,75500.0,call,194.1873625,290.50455538237657,0.26439169528478884,0.31000281759917525,0.2209179833715934,0.0001276723888677942,22.25707861006663,-110.90754069289092
0.010472620249716779,76000.0,call,131.90085,201.86015126009443,0.27101526157546085,0.3113407883460654,0.1653203798073552,0.00010645499250741074,18.638355392967217,-91.38174310780526
0.010472620249716779,77000.0,call,62.28651250000001,94.30819631515078,0.2873634685543159,0.3169743712380358,0.08723955174401421,6.675083197705226e-05,11.89833976048049,-57.515811263905604
0.010472620249716779,78000.0,call,32.9752125,43.038743017200886,0.30971098397432995,0.3253368869483778,0.04365462049390188,3.7912975163814545e-05,6.936281452713558,-33.61801826739219
0.010472620249716779,80000.0,put,6961.43375,6334.2635076742445,0.8651336162033508,0.34601384641926863,-0.9898441433247964,1.0411107163426407e-05,2.025797025454892,93.30262396478119
0.01869179833190856,65000.0,call,8335.4009375,8642.619481775328,0.00010000000000000002,0.43471506635099844,0.9835989803020857,9.387807868828227e-06,4.096096220229002,-61.56191084642606
0.01869179833190856,65000.0,put,47.6308625,26.106015356112493,0.4775430818523619,0.43471506635099844,-0.0164010196979143,9.387807868828227e-06,4.096096220229002,-12.110617478017547
0.01869179833190856,66000.0,call,7382.7836875,7663.973772274425,0.00010000000000000002,0.4194491263933965,0.9740417281610487,1.4353202897998468e-05,6.042677039949845,-67.3002930750434
0.01869179833190856,66000.0,put,69.6143375,42.256252525671925,0.4580949463925819,0.4194491263933965,-0.025958271838951275,1.4353202897998468e-05,6.042677039949845,-17.08821057789014
0.01869179833190856,68000.0,call,5440.9100625,5740.929137426603,0.00010000000000000002,0.3890213325763237,0.937022521912295,3.174316076346718e-05,12.394381247629887,-83.4576986357701
0.01869179833190856,68000.0,put,139.228675,108.80351101880296,0.4120518509750553,0.3890213325763237,-0.06297747808770504,3.174316076346718e-05,12.394381247629887,-31.724037881127355
0.01869179833190856,70000.0,call,3645.5929375,3915.2146833727456,0.14997396953577052,0.35969304933368557,0.8557434673870521,6.30305083397011e-05,22.75538146910619,-104.94736862914826
0.01869179833190856,70000.0,put,322.42429999999996,272.6809503058903,0.3809058588428241,0.35969304933368557,-0.1442565326129479,6.30305083397011e-05,22.75538146910619,-51.69212961701601
0.01869179833190856,71000.0,call,2857.85175,3073.286947823981,0.26475175832552744,0.34614161831654067,0.7885261045249125,8.344939897063113e-05,28.992008139113242,-115.38523615136117
0.01869179833190856,71000.0,put,494.62818749999997,425.5491614276052,0.3695162422364026,0.34614161831654067,-0.21147389547508755,8.344939897063113e-05,28.992008139113242,-61.369208010484186
0.01869179833190856,72000.0,call,2070.1105625,2307.5216944918357,0.2636088243298892,0.3339842262929095,0.69933619178604,0.0001040166048011375,34.868229430982375,-122.77248460698607
0.01869179833190856,72000.0,put,769.421625,654.579854765936,0.36655708121757213,0.3339842262929095,-0.30066380821396,0.0001040166048011375,34.868229430982375,-67.99566733736434
0.01869179833190856,73000.0,call,1447.2454375,1644.36798832981,0.2731136245752731,0.3239019113741152,0.5893513070024262,0.00011984419897124402,38.96115228958947,-124.25524906922222
0.01869179833190856,73000.0,put,1135.812875,986.2220952743737,0.3622137034268871,0.3239019113741152,-0.4106486929975738,0.00011984419897124402,38.96115228958947,-68.71764267085571
0.01869179833190856,74000.0,call,952.6172500000001,1107.0238536447505,0.2778148821225041,0.31661422575377335,0.46643048616434124,0.00012532503559160185,39.82626010892548,-117.70407995932055
0.01869179833190856,74000.0,put,1648.760625,1443.673907259792,0.3680712913588342,0.31661422575377335,-0.5335695138356588,0.00012532503559160185,39.82626010892548,-61.40568443220934
0.01869179833190856,75000.0,call,586.226,705.3004048784715,0.2800283382920687,0.31263482682300053,0.34461235728392803,0.00011758301763585837,36.89633446488356,-103.30996816404445
0.01869179833190856,75000.0,put,2271.62575,2036.7464051639836,0.37535825805013046,0.31263482682300053,-0.655387642716072,0.00011758301763585837,36.89633446488356,-46.25078350818849
0.01869179833190856,76000.0,call,333.4160375,429.10648869460056,0.2802467390757194,0.3120258093796074,0.23846211220828856,9.909840622150911e-05,31.035479045893304,-84.00550850486995
0.01869179833190856,76000.0,put,3022.7278125,2755.348435650587,0.39349490114508806,0.3120258093796074,-0.7615378877917114,9.909840622150911e-05,31.035479045893304,-26.18553472026923
0.01869179833190856,77000.0,call,183.19562499999998,252.65429772146854,0.2837477071042714,0.31437286148399374,0.1563030220815686,7.607708455849367e-05,24.004915098166393,-63.872021470976144
0.01869179833190856,77000.0,put,3865.4276875000005,3573.692191347931,0.42042249126531916,0.31437286148399374,-0.8436969779184313,7.607708455849367e-05,24.004915098166393,-5.291258557630688
0.01869179833190856,78000.0,call,106.2534625,145.87509724796746,0.29454486334187274,0.319002086508494,0.09846518445896263,5.4295898097823683e-05,17.384484206303295,-46.04911132653025
0.01869179833190856,78000.0,put,4818.0449375,4461.7089375448995,0.47263371957258654,0.319002086508494,-0.9015348155410374,5.4295898097823683e-05,17.384484206303295,13.292440715559955
0.01869179833190856,79000.0,call,62.28651250000001,83.43978345390042,0.3062126184135744,0.325230519114773,0.060416282810160565,3.67581955245383e-05,11.999046625157053,-31.921844675500722
0.01869179833190856,79000.0,put,5752.342625,5394.069570421314,0.5115645692169996,0.325230519114773,-0.9395837171898395,3.67581955245383e-05,11.999046625157053,28.180496495334243
0.01869179833190856,80000.0,call,40.303037499999995,47.60854818717871,0.32292508489993277,0.33250051409090914,0.03647891047779742,2.3996503339441973e-05,8.00832240647385,-21.52251485652663
0.01869179833190856,80000.0,put,6723.2794375,6353.03428182505,0.5596618219326899,0.33250051409090914,-0.9635210895222026,2.3996503339441973e-05,8.00832240647385,39.34061544305306
0.01869179833190856,81000.0,call,32.9752125,27.211469955167104,0.3507732412618893,0.34040518973566913,0.021831460736592666,1.5290505606349764e-05,5.224193854479877,-14.235558411062168
0.01869179833190856,90000.0,put,16762.3996875,16253.616715460303,1.0956795204333407,0.41428852280162914,-0.9997746836709995,2.0408409794749883e-07,0.08486201375241972,68.2009145013859
0.01869179833190856,95000.0,put,22624.659687499996,21227.38540509199,1.7246733395545482,0.4506012472233923,-0.9999792206745838,1.988359029277804e-08,0.00899266593518074,72.24412178192061
0.037869880523689385,64000.0,call,9471.2138125,9553.536155395683,0.31581161773943517,0.41645706015929396,0.959489203906025,1.466083971128994e-05,12.415756538208143,-30.741592455683833
0.037869880523689385,64000.0,put,146.5565,100.24756865678091,0.4498828962551922,0.41645706015929396,-0.04051079609397501,1.466083971128994e-05,12.415756538208143,-18.095622185096783
0.037869880523689385,65000.0,call,8500.277,8595.562739220208,0.3258801214689666,0.4047478717674938,0.9447680662584016,1.93377132407348e-05,15.915995323814776,-35.31645335940009
0.037869880523689385,65000.0,put,183.19562499999998,139.5391745635161,0.43025648265875277,0.4047478717674938,-0.055231933741598405,1.93377132407348e-05,15.915995323814776,-22.472889803335125
0.037869880523689385,66000.0,call,7547.659750000001,7652.205386042166,0.3311621186281852,0.39317044974476817,0.9252473178463266,2.5184263920549885e-05,20.135121031371717,-40.553887387605634
0.037869880523689385,66000.0,put,238.15431250000003,193.44684346767463,0.4142805202747464,0.39317044974476817,-0.07475268215367337,2.5184263920549885e-05,20.135121031371717,-27.512730546062738
0.037869880523689385,68000.0,call,5825.6208750000005,5831.243837300368,0.3688902148712578,0.37072608303297405,0.866552491731625,4.074472272106311e-05,30.71628033103242,-52.61735035354759
0.037869880523689385,68000.0,put,421.3499375,367.0153388902854,0.3879662685541988,0.37072608303297405,-0.13344750826837504,4.074472272106311e-05,30.71628033103242,-39.18100694104886
0.037869880523689385,70000.0,call,4103.582,4151.599225214966,0.3388376567725077,0.35008053241732073,0.7721914964979366,6.0498846872002574e-05,43.068442946943286,-64.92826754243788
0.037869880523689385,70000.0,put,751.1020625,681.9007709692814,0.36597250645438856,0.35008053241732073,-0.2278085035020634,6.0498846872002574e-05,43.068442946943286,-51.09673755898329
0.037869880523689385,71000.0,call,3334.160375,3392.0431843404003,0.3290150540513378,0.3409116554149335,0.7090222384092155,7.052325158125385e-05,48.88980338468342,-69.91194117113827
0.037869880523689385,71000.0,put,989.2563749999999,919.609752176937,0.35508167482222813,0.3409116554149335,-0.2909777615907845,7.052325158125385e-05,48.88980338468342,-55.882817902205744
0.037869880523689385,72000.0,call,2674.656125,2703.3821821882375,0.32749043714128795,0.33285629016738905,0.6354582881433808,7.915591401077116e-05,53.57772265291215,-73.20016463824936
0.037869880523689385,72000.0,put,1319.0085000000001,1228.2137721069812,0.3497627686161248,0.33285629016738905,-0.3645417118566192,7.915591401077116e-05,53.57772265291215,-58.97344808383893
0.037869880523689385,73000.0,call,2070.1105625,2098.13925973374,0.32122806925367126,0.3262002835037276,0.553620804357913,8.498788544161089e-05,56.37485933286922,-74.14242277933624
0.037869880523689385,73000.0,put,1722.038875,1620.2358717346797,0.34425399321930245,0.3262002835037276,-0.44637919564208695,8.498788544161089e-05,56.37485933286922,-59.718112939447884
0.037869880523689385,74000.0,call,1557.1628124999997,1585.4704980771166,0.31620631911006875,0.32119934099549347,0.46742806525321134,8.680857534009576e-05,56.69978181152287,-72.35027314258839
0.037869880523689385,74000.0,put,2198.3475,2104.8321321602707,0.3376876951180021,0.32119934099549347,-0.5325719347467887,8.680857534009576e-05,56.69978181152287,-57.72837001722212
0.037869880523689385,75000.0,call,1135.812875,1168.4921533598535,0.3120026809240958,0.318017849253505,0.3820608514472049,8.4097636091391e-05,54.38503316760794,-67.87812240616616
0.037869880523689385,75000.0,put,2784.5735,2685.1188095252073,0.33625123129509826,0.318017849253505,-0.6179391485527951,8.4097636091391e-05,54.38503316760794,-53.058625995321954
0.037869880523689385,76000.0,call,806.06075,842.924993448898,0.30924929532919976,0.3166806114675745,0.3027429923468763,7.730925544702807e-05,49.78483576318067,-61.25830037941416
0.037869880523689385,76000.0,put,3462.3973125,3356.816671696455,0.33769166088271846,0.3166806114675745,-0.6972570076531237,7.730925544702807e-05,49.78483576318067,-46.241210683092035
0.037869880523689385,77000.0,call,567.9064375,598.0303939417208,0.3101210717579269,0.3170657986798176,0.23340325578663212,6.771013168840051e-05,43.656324577207506,-53.340542322202175
0.037869880523689385,77000.0,put,4195.1798125,4109.187094271481,0.3364395640234051,0.3170657986798176,-0.7665967442133679,6.771013168840051e-05,43.656324577207506,-38.12585934040213
0.037869880523689385,78000.0,call,384.7108125,419.395277390111,0.3094050250033688,0.3189431603834486,0.17594428612114765,5.687053556659373e-05,36.88456999041432,-45.02551969872175
0.037869880523689385,78000.0,put,5019.560125,4927.816999802075,0.3430184055726203,0.3189431603834486,-0.8240557138788523,5.687053556659373e-05,36.88456999041432,-29.61324343144379
0.037869880523689385,79000.0,call,263.8017,292.0553255421728,0.3124938150473371,0.3220334748483654,0.13036288892026648,4.61548800068611e-05,30.224752810427454,-37.04332830466855
0.037869880523689385,79000.0,put,5917.2186875,5797.742070036344,0.35891598326648827,0.3220334748483654,-0.8696371110797335,4.61548800068611e-05,30.224752810427454,-21.43345875191266
0.037869880523689385,80000.0,call,168.539975,202.69009069451295,0.31132650860216565,0.3260603884854947,0.09539433068692682,3.646185551698421e-05,24.17580370246369,-29.859134254930396
0.037869880523689385,80000.0,put,6814.87725,6705.641857270879,0.36689054802722665,0.3260603884854947,-0.9046056693130732,3.646185551698421e-05,24.17580370246369,-14.051671416696582
0.037869880523689385,81000.0,call,109.917375,140.57141894325105,0.3135974532867078,0.3307810156934333,0.06921650193641621,2.821927848378053e-05,18.981502876842704,-23.68904974225203
0.037869880523689385,81000.0,put,7767.4945,7640.788207601829,0.38707122374993524,0.3307810156934333,-0.9307834980635838,2.821927848378053e-05,18.981502876842704,-7.683993618540302
0.037869880523689385,82000.0,call,87.93390000000001,97.60588249389639,0.32922340707687475,0.33599696950954083,0.04995388201813103,2.1509571733881094e-05,14.696409243490047,-18.567929591122397
0.037869880523689385,90000.0,put,16799.0388125,16481.592161651366,0.6960584103411283,0.3830864983499383,-0.9963535675389216,1.996020522047848e-06,1.5549125227202483,15.576943974496507
0.057047962715470205,55000.0,put,69.6143375,18.67724287378917,0.5924463786906107,0.49579338997316874,-0.006412329576683362,2.078219294707786e-06,3.1563301430007518,-3.7399649719386465
0.057047962715470205,60000.0,call,13501.5175625,13402.465563083802,0.5163900490367526,0.4437513237765615,0.974193670880024,7.727885626520725e-06,10.504869590987711,-13.296410096344882
0.057047962715470205,60000.0,put,142.8925875,78.92375205591134,0.49421737677513633,0.4437513237765615,-0.025806329119976046,7.727885626520725e-06,10.504869590987711,-11.122093935429653
0.057047962715470205,63000.0,call,10607.0266875,10505.036306655922,0.4588368403884441,0.4130743833501976,0.9439445981310676,1.561928201275622e-05,19.76421854260798,-21.731574173017897
0.057047962715470205,63000.0,put,241.818225,179.22990507661962,0.44232952438112233,0.4130743833501976,-0.05605540186893243,1.561928201275622e-05,19.76421854260798,-19.448542204056906
0.057047962715470205,65000.0,call,8775.0704375,8631.831445279313,0.4388080539660561,0.39316515571238386,0.9084957441691992,2.3890928432975164e-05,28.773875935207634,-29.266334866070128
0.057047962715470205,65000.0,put,359.063425,304.5153166657565,0.4114376279919092,0.39316515571238386,-0.0915042558308008,2.3890928432975164e-05,28.773875935207634,-26.910825691745295
0.057047962715470205,66000.0,call,7822.4531875,7722.998719935167,0.4113382733904365,0.3834940686914214,0.8841726543685653,2.9066292159793082e-05,34.145903117664126,-33.5133575620803
0.057047962715470205,66000.0,put,457.98906250000005,394.92772780448104,0.4014229360393888,0.3834940686914214,-0.11582734563143471,2.9066292159793082e-05,34.145903117664126,-31.121609785073552
0.057047962715470205,68000.0,call,6082.09475,5986.554550596637,0.3853489514778789,0.36505945764100295,0.8184877892246478,4.128410975600797e-05,46.16755190371669,-42.42842482352719
0.057047962715470205,68000.0,put,714.4629375,656.9738314316819,0.3773605463555097,0.36505945764100295,-0.18151221077535218,4.128410975600797e-05,46.16755190371669,-39.96419984115659
0.057047962715470205,70000.0,call,4506.612375,4404.709924932045,0.36586896316923734,0.3485195405022381,0.7259177685424314,5.4611116944374604e-05,58.30402132331855,-50.56296617788004
0.057047962715470205,70000.0,put,1117.4933125,1073.6194787328386,0.3560199592360223,0.3485195405022381,-0.2740822314575686,5.4611116944374604e-05,58.30402132331855,-48.02626399014561
0.057047962715470205,71000.0,call,3792.1494375,3692.4276367990606,0.35696079577329165,0.34129837150198206,0.6691146108029744,6.069083563580509e-05,63.45234124162137,-53.64612633126152
0.057047962715470205,71000.0,put,1410.6063125,1360.5823270827204,0.3491682593886574,0.34129837150198206,-0.3308853891970256,6.069083563580509e-05,63.45234124162137,-51.07318554084517
0.057047962715470205,72000.0,call,3169.2843125,3044.103056335989,0.3535549897034022,0.3349892806549693,0.6061830010889123,6.561846727892162e-05,67.33599935705517,-55.665098583969055
0.057047962715470205,72000.0,put,1758.678,1711.5028831025193,0.34199155370512735,0.3349892806549693,-0.3938169989110877,6.561846727892162e-05,67.33599935705517,-53.05591919087078
0.057047962715470205,73000.0,call,2564.7387500000004,2467.1449886601113,0.3437934146623799,0.3297505326205256,0.5387446683404674,6.879783993138493e-05,69.49453068425771,-56.36890193711091
0.057047962715470205,73000.0,put,2180.0279375,2133.789951909501,0.33640388806727484,0.3297505326205256,-0.4612553316595326,6.879783993138493e-05,69.49453068425771,-53.72348394133072
0.057047962715470205,74000.0,call,2051.791,1966.4902840580035,0.3379636447017011,0.3257131444663147,0.4691596261800254,6.977170443178952e-05,69.61533791218558,-55.62288792829614
0.057047962715470205,74000.0,put,2674.656125,2632.380383790267,0.33178524178533914,0.3257131444663147,-0.5308403738199746,6.977170443178952e-05,69.61533791218558,-52.94123132983402
0.057047962715470205,75000.0,call,1612.1215,1543.500911222658,0.3330901120733222,0.3229564285152043,0.40024264100911633,6.836006104604969e-05,67.6295804867302,-53.454306049443744
0.057047962715470205,75000.0,put,3224.243,3208.6361474377845,0.32526344267146756,0.3229564285152043,-0.5997573589908837,6.836006104604969e-05,67.6295804867302,-50.7364108482997
0.057047962715470205,76000.0,call,1245.73025,1195.4808175070284,0.32935308536339725,0.3214907535830869,0.33479350910970473,6.473021339810241e-05,63.74789422196574,-50.05839664858833
0.057047962715470205,76000.0,put,3847.1081249999997,3859.8611902050325,0.31948885969327645,0.3214907535830869,-0.6652064908902953,6.473021339810241e-05,63.74789422196574,-47.30426284476237
0.057047962715470205,77000.0,call,952.6172500000001,916.0804280016346,0.3274862865079174,0.3212551163682716,0.2751045221926518,5.935478117382285e-05,58.411193363178484,-45.75703403504328
0.057047962715470205,77000.0,put,4561.5710625,4579.705937182502,0.3181443065892369,0.3212551163682716,-0.7248954778073482,5.935478117382285e-05,58.411193363178484,-42.966661628535405
0.057047962715470205,78000.0,call,714.4629375,696.4529136348283,0.3255705722756699,0.32213056188066835,0.22263573246267448,5.287615981991827e-05,52.177366382703525,-40.9263918253452
0.057047962715470205,78000.0,put,5312.673124999999,5359.323559298551,0.3131069292307414,0.32213056188066835,-0.7773642675373256,5.287615981991827e-05,52.177366382703525,-38.0997808161554
0.057047962715470205,80000.0,call,384.7108125,397.1398068568378,0.3233912093695526,0.3265878738853014,0.14087089099788747,3.9103272924691624e-05,39.12041763592229,-31.0389160726345
0.057047962715470205,80000.0,put,7016.3924375,7058.500725486323,0.3155893751835542,0.3265878738853014,-0.8591291090021125,3.9103272924691624e-05,39.12041763592229,-28.139827858080857
0.057047962715470205,82000.0,call,208.84301250000001,225.32959682367164,0.32751818070820865,0.33359755094746163,0.08659232479835233,2.7023995401916975e-05,27.61612437035222,-22.343856050909064
0.057047962715470205,85000.0,call,87.93390000000001,97.33873288536051,0.3404035815077556,0.34672049543989353,0.0408148425667534,1.4434839586717692e-05,15.331399285863338,-12.869274058502947
0.07622604490725103,20000.0,call,53328.2464375,53279.678109377215,1.931925476148224,0.8750860676635295,0.999999980546821,6.227120398366427e-12,2.2304454019435727e-05,-0.05136031329487735
0.07622604490725103,30000.0,call,43362.4044375,43280.40483523567,1.4485959675244233,0.7412138204908438,0.9999960283888311,1.2374560414313152e-09,0.0037542816735849083,-0.08198793456465955
0.07622604490725103,40000.0,call,33378.242875,33281.69607375938,1.0396217792184963,0.6298474708636945,0.9998206075768551,5.372480036045158e-08,0.13850446205030156,-0.259388821402785
0.07622604490725103,45000.0,call,28395.321875,28284.35628885297,0.8780166108647072,0.5785290006614834,0.999134964774614,2.518005455552406e-07,0.5962595742836052,-0.7352296932224578
0.07622604490725103,50000.0,call,23430.7204375,23294.009074777874,0.7419399725481511,0.5289258541975836,0.9964383914928527,9.976722512678253e-07,2.159912977874181,-2.180686953948704
0.07622604490725103,50000.0,put,47.6308625,12.188955229216674,0.6231505895453907,0.5289258541975836,-0.0035616085071472625,9.976722512678253e-07,2.159912977874181,-2.052373852393684
0.07622604490725103,55000.0,call,18502.758125,18327.763133091787,0.6262549103446553,0.48053076128922956,0.9871133931753545,3.417325344494152e-06,6.721420814801527,-5.942986541349588
0.07622604490725103,55000.0,put,106.2534625,45.58600158826334,0.5475383774887047,0.48053076128922956,-0.012886606824645486,3.417325344494152e-06,6.721420814801527,-5.801842129639065
0.07622604490725103,58000.0,call,15626.5868125,15378.404452673778,0.5842256308992242,0.45202340582208395,0.9735994882959489,6.68922201039809e-06,12.376279195156169,-10.197305227578541
0.07622604490725103,58000.0,put,164.8760625,96.0131139973521,0.4990020213598358,0.45202340582208395,-0.02640051170405111,6.68922201039809e-06,12.376279195156169,-10.048462029774718
0.07622604490725103,60000.0,call,13648.0740625,13437.683255733748,0.5242138727707857,0.43330248183377434,0.9583229898480825,1.0163149986487032e-05,18.024908804962703,-14.18156655433079
0.07622604490725103,60000.0,put,223.4986625,155.14911227537368,0.46748864511402666,0.43330248183377434,-0.04167701015191749,1.0163149986487032e-05,18.024908804962703,-14.027590832464764
0.07622604490725103,62000.0,call,11761.159125,11530.341567841388,0.4912215641877325,0.41491188367670584,0.9353498463602467,1.504168806485441e-05,25.545006441636293,-19.193711663613165
0.07622604490725103,62000.0,put,304.1047375,247.66461960106517,0.43589495045957927,0.41491188367670584,-0.06465015363975335,1.504168806485441e-05,25.545006441636293,-19.034603417684938
0.07622604490725103,64000.0,call,9855.924625000001,9673.591870634911,0.44483501858573277,0.39701716137264825,0.9015684305467593,2.1598149109057718e-05,35.097758365153,-25.18634592407368
0.07622604490725103,64000.0,put,439.6695,390.77211761264243,0.41060075049015293,0.39701716137264825,-0.09843156945324072,2.1598149109057718e-05,35.097758365153,-25.022105154083253
0.07622604490725103,65000.0,call,8939.9465,8771.618998240454,0.4274771430267879,0.3883357204839456,0.879473740587168,2.554010390985645e-05,40.59603000786361,-28.47406570733027
0.07622604490725103,65000.0,put,531.2673125,488.72784282721295,0.3986461686116071,0.3883357204839456,-0.12052625941283202,2.554010390985645e-05,40.59603000786361,-28.307258675308745
0.07622604490725103,66000.0,call,8060.6075,7892.374111081786,0.41460058254630117,0.3798917158678836,0.8532551256615557,2.9894549662844695e-05,46.484204527398006,-31.875246639569667
0.07622604490725103,66000.0,put,641.1846875000001,609.4115532775686,0.3866676550662304,0.3798917158678836,-0.1467448743384443,2.9894549662844695e-05,46.484204527398006,-31.705873345517038
0.07622604490725103,68000.0,call,6393.527312499999,6221.43736625123,0.3926225166886174,0.3639641106179755,0.7866617923608672,3.9502044585215716e-05,58.84799909055158,-38.623403588660636
0.07622604490725103,68000.0,put,952.6172500000001,938.3320036650675,0.3663871649117586,0.3639641106179755,-0.2133382076391328,3.9502044585215716e-05,58.84799909055158,-38.448897770545805
0.07622604490725103,70000.0,call,4854.6840625,4705.794091870732,0.37087508920356815,0.34985903053396045,0.6994662216425204,4.916143781764447e-05,70.39976820446556,-44.38218490354483
0.07622604490725103,70000.0,put,1428.925875,1422.5459245026177,0.3507650156656842,0.34985903053396045,-0.30053377835747963,4.916143781764447e-05,70.39976820446556,-44.20254656136781
0.07622604490725103,72000.0,call,3535.6755625,3396.1289745557006,0.3561408737129673,0.3383786129088114,0.5932222046229783,5.6676415439968936e-05,78.4980458657803,-47.83769182444256
0.07622604490725103,72000.0,put,2088.430125,2112.738002405644,0.33528151013961166,0.3383786129088114,-0.40677779537702174,5.6676415439968936e-05,78.4980458657803,-47.65292095820333
0.07622604490725103,74000.0,call,2454.821375,2335.287496044315,0.3451704741029095,0.3303357757425765,0.47564672448755463,5.9582329487108224e-05,80.56133498435726,-47.90857345082694
0.07622604490725103,74000.0,put,3004.40825,3051.7537191123192,0.3244583310362795,0.3303357757425765,-0.5243532755124454,5.9582329487108224e-05,80.56133498435726,-47.71867006052552
0.07622604490725103,75000.0,call,1996.8323125,1904.4662654668791,0.339467157374991,0.32777936486193365,0.4166022801322288,5.883981313938339e-05,78.94169713877646,-46.5744100414366
0.07622604490725103,75000.0,put,3553.995125,3620.8610861439083,0.31930192838191007,0.32777936486193365,-0.5833977198677712,5.883981313938339e-05,78.94169713877646,-46.381940389104074
0.07622604490725103,76000.0,call,1612.1215,1538.5415581129746,0.33592354028622196,0.3262226560693788,0.35976432026790384,5.667208094592385e-05,75.67228426230172,-44.427099506555955
0.07622604490725103,76000.0,put,4176.86025,4254.864976399025,0.315887189923213,0.3262226560693788,-0.6402356797320962,5.667208094592385e-05,75.67228426230172,-44.23206359219232
0.07622604490725103,78000.0,call,1007.5759375,982.7764750018905,0.32971158785966803,0.32593119408579585,0.2584439408401359,4.9038154557559114e-05,65.42046256153075,-38.365004701643706
0.07622604490725103,78000.0,put,5550.8274375,5698.9570885059875,0.30287356735175586,0.32593119408579585,-0.7415560591598641,4.9038154557559114e-05,65.42046256153075,-38.16483626321788
0.07622604490725103,80000.0,call,604.5455625000001,617.2057264531286,0.3264063908998969,0.3288108192562346,0.17863768041828976,3.925692184843281e-05,52.8342938496972,-31.252217090209065
0.07622604490725103,80000.0,put,7162.9489375,7333.243535175294,0.29481946005085136,0.3288108192562346,-0.8213623195817102,3.925692184843281e-05,52.8342938496972,-31.046916127721033
0.07622604490725103,82000.0,call,351.73560000000003,385.5612296048548,0.3254993983859797,0.3339967039954501,0.12047168984501683,2.9685838216375536e-05,40.58308540611884,-24.380753381403622
0.07622604490725103,82000.0,put,8884.9878125,9101.456233545076,0.271000557909012,0.3339967039954501,-0.8795283101549831,2.9685838216375536e-05,40.58308540611884,-24.170319894853385
0.07622604490725103,84000.0,call,208.84301250000001,241.4469849791376,0.3294856197957929,0.3406998929809231,0.08017272088389066,2.1603375626304827e-05,30.12639588605446,-18.460064059672813
0.07622604490725103,84000.0,put,10735.263625,10957.199184137411,0.21877395575699737,0.3406998929809231,-0.9198272791161093,2.1603375626304827e-05,30.12639588605446,-18.244498049060383
0.07622604490725103,85000.0,call,161.21214999999998,191.52812339972115,0.3321033528448883,0.34442573843033236,0.06524753853328608,1.824978248813018e-05,25.72804907771279,-15.936660627452268
0.07622604490725103,86000.0,call,120.9091125,152.24723737247405,0.3330723528312113,0.34832192185622324,0.05306998507560865,1.534546950119076e-05,21.878349359854223,-13.704813044881478
0.07622604490725103,88000.0,call,87.93390000000001,96.88457526022876,0.3505738616526104,0.3564499641516332,0.03512234720302818,1.0745572136608831e-05,15.677675968193114,-10.049138099365425
0.07622604490725103,90000.0,call,65.950425,62.28123140065509,0.3680433951039946,0.3648125230125938,0.02331374031848683,7.467502108592448e-06,11.150610777966449,-7.314641606897759
0.07622604490725103,94000.0,put,21122.4555625,20741.587312667893,0.6027510524515938,0.38160827201723985,-0.9895641328370073,3.5830135541172608e-06,5.5965423688821305,-3.5987220487924882
0.07622604490725103,135000.0,put,63037.6145625,61712.1365508505,1.5185981363245162,0.514897527786301,-0.9999881332468393,5.0601365402335166e-09,0.010664404441628082,0.33657516284183375
0.07622604490725103,140000.0,put,67745.742125,66711.76670651228,1.4960853251246808,0.5269087345424799,-0.9999939806799232,2.5895721776853695e-09,0.005584920339869966,0.35398716342352626
0.07622604490725103,145000.0,put,73717.9195,71711.40339513363,1.8132134044753292,0.5382747816963251,-0.9999968711072356,1.3564564197323091e-09,0.002988570074941681,0.3692164690512668
0.17211645586615515,56000.0,call,18008.129937499998,17841.980327798592,0.49113273382839284,0.4493687339676339,0.9398052651824328,8.741947650277468e-06,36.30643664199874,-15.633457757583564
0.17211645586615515,56000.0,put,457.98906250000005,381.4220346073971,0.4695126352796398,0.4493687339676339,-0.06019473481756721,8.741947650277468e-06,36.30643664199874,-12.73622827258829
0.17211645586615515,58000.0,call,16157.854125,15986.446393219063,0.47075395783761237,0.43532211750037386,0.9196964491154037,1.1265709961585011e-05,45.32542364896399,-18.372200957645326
0.17211645586615515,58000.0,put,586.226,519.3770895567613,0.4496710086092499,0.43532211750037386,-0.08030355088459629,1.1265709961585011e-05,45.32542364896399,-15.37149899104308
0.17211645586615515,60000.0,call,14344.217437500001,14174.955976408892,0.450873522919121,0.421736987329915,0.894119839873443,1.4268338130876812e-05,55.61445133710842,-21.33246288221791
0.17211645586615515,60000.0,put,751.1020625,701.375662275469,0.4305560621492205,0.421736987329915,-0.10588016012655699,1.4268338130876812e-05,55.61445133710842,-18.228288434008686
0.17211645586615515,62000.0,call,12530.58075,12419.767219638954,0.42493613574162303,0.4087068716537764,0.8620723159611505,1.773258265810999e-05,66.98175241222974,-24.422553822153837
0.17211645586615515,62000.0,put,970.9368125,939.6758950344338,0.41334773497573485,0.4087068716537764,-0.13792768403884947,1.773258265810999e-05,66.98175241222974,-21.214906892337645
0.17211645586615515,64000.0,call,10845.180999999999,10735.799154437118,0.4100371105392013,0.3963605606690066,0.8226064102274309,2.15773774729654e-05,79.04268170060733,-27.50641378354634
0.17211645586615515,64000.0,put,1245.73025,1249.1968193614757,0.3959218202477279,0.3963605606690066,-0.17739358977256914,2.15773774729654e-05,79.04268170060733,-24.195294372123172
0.17211645586615515,65000.0,call,10039.12025,9925.93117706792,0.4036647334775527,0.39049507993176286,0.7998509456942011,2.3593458502813373e-05,85.14903824518788,-28.990713462146964
0.17211645586615515,65000.0,put,1428.925875,1436.0733367567173,0.3896551570283964,0.39049507993176286,-0.20014905430579888,2.3593458502813373e-05,85.14903824518788,-25.627857809920307
0.17211645586615515,66000.0,call,9233.0595,9140.670352085537,0.39494237087087153,0.3848673343153204,0.775000536931961,2.5632836226535622e-05,91.17594800458639,-30.40168616399332
0.17211645586615515,66000.0,put,1648.760625,1647.5570065387728,0.38499933465442987,0.3848673343153204,-0.22499946306803897,2.5632836226535622e-05,91.17594800458639,-26.987094270963176
0.17211645586615515,67000.0,call,8463.637875,8382.563961483633,0.3878319069234227,0.3795049317049642,0.7480412105711777,2.7657430805867342e-05,97.00672247991699,-31.710524022401515
0.17211645586615515,67000.0,put,1868.595375,1886.1951107013192,0.37768916200840114,0.3795049317049642,-0.2519587894288223,2.7657430805867342e-05,97.00672247991699,-28.244195888567887
0.17211645586615515,68000.0,call,7730.855375,7654.223418517489,0.3818950663924647,0.3744375865404086,0.7190077303027808,2.9622528401450242e-05,102.511865038097,-32.8872649132442
0.17211645586615515,68000.0,put,2125.06925,2154.5990624996157,0.3715542092976948,0.3744375865404086,-0.28099226969721924,2.9622528401450242e-05,102.511865038097,-29.36920053860709
0.17211645586615515,69000.0,call,7053.0315625,6958.255503696484,0.3784916289714094,0.3696964788299431,0.6879932924038908,3.147785798510525e-05,107.55313128202819,-33.90194186404593
0.17211645586615515,69000.0,put,2418.1822500000003,2455.375642443054,0.3662356382397353,0.3696964788299431,-0.31200670759610916,3.147785798510525e-05,107.55313128202819,-30.332141248605325
0.17211645586615515,70000.0,call,6356.8881875,6297.173305216871,0.37064170639079774,0.365313305939163,0.6551576101747905,3.3169520583463626e-05,111.98948783343444,-34.726033289355456
0.17211645586615515,70000.0,put,2747.934375,2791.037938727881,0.3614623822464681,0.365313305939163,-0.34484238982520954,3.3169520583463626e-05,111.98948783343444,-31.104496433111372
0.17211645586615515,71000.0,call,5734.0230625,5673.288745614249,0.3665671792176921,0.3613190160475695,0.6207318105567193,3.464281996249417e-05,115.68488753937417,-35.334150072059195
0.17211645586615515,71000.0,put,3132.6451875,3163.8978738896985,0.3586169868971798,0.3613190160475695,-0.37926818944328067,3.464281996249417e-05,115.68488753937417,-31.66087697501162
0.17211645586615515,72000.0,call,5129.477500000001,5088.592408467484,0.36119174079565514,0.35774226241489065,0.5850184559661954,3.584588691665494e-05,118.51741013257015,-35.70582940503561
0.17211645586615515,72000.0,put,3517.356,3575.946031507392,0.3527981853209498,0.35774226241489065,-0.4149815440338046,3.584588691665494e-05,118.51741013257015,-31.980820067184542
0.17211645586615515,73000.0,call,4579.890625,4544.6307490411855,0.35753655261614287,0.3546076832213098,0.5483852616508428,3.6733785732653206e-05,120.38888788930593,-35.827239403067495
0.17211645586615515,73000.0,put,3957.0254999999997,4028.728866845515,0.34865185616902006,0.3546076832213098,-0.4516147383491572,3.6733785732653206e-05,120.38888788930593,-32.05049382441294
0.17211645586615515,74000.0,call,4085.2624375,4042.394584093854,0.3554702059165378,0.3519341795312441,0.5112518100639813,3.727258826458762e-05,121.23375924157493,-35.692554003582465
0.17211645586615515,74000.0,put,4451.6536875,4523.237196662638,0.3460297554848356,0.3519341795312441,-0.48874818993601865,3.727258826458762e-05,121.23375924157493,-31.864072184124424
0.17211645586615515,75000.0,call,3608.9538125000004,3582.2345382945823,0.3519410533244161,0.34973341248538126,0.4740697323968266,3.74427710081637e-05,121.02572149947284,-35.304758348973365
0.17211645586615515,75000.0,put,4982.921,5059.821645627802,0.3433785268012824,0.34973341248538126,-0.5259302676031734,3.74427710081637e-05,121.02572149947284,-31.424540288711835
0.17211645586615515,76000.0,call,3187.603875,3163.817572332271,0.3499942960241174,0.34800874708085083,0.43729819448356966,3.724130613950849e-05,119.78091801717093,-34.67570620285442
0.17211645586615515,76000.0,put,5550.8274375,5638.149174429942,0.3407148926274821,0.34800874708085083,-0.5627018055164303,3.724130613950849e-05,119.78091801717093,-30.74375190178941
0.17211645586615515,77000.0,call,2784.5735,2786.1334211506437,0.3466221227447068,0.3467548201993782,0.4013776833082259,3.668201195830637e-05,117.55692785061541,-33.825368800389164
0.17211645586615515,77000.0,put,6137.053437500001,6257.209518012765,0.3365183987538988,0.3467548201993782,-0.5986223166917741,3.668201195830637e-05,117.55692785061541,-29.84167825852066
0.17211645586615515,78000.0,call,2418.1822500000003,2447.551714791931,0.3433900349312473,0.3459578106530415,0.36670562026219344,3.5794065056498115e-05,114.44761222134633,-32.780360670920935
0.17211645586615515,78000.0,put,6759.9185625,6915.372306418489,0.3323287996727338,0.3459578106530415,-0.6332943797378066,3.5794065056498115e-05,114.44761222134633,-28.74493388824895
0.17211645586615515,79000.0,call,2088.430125,2145.9219492631055,0.34038718212194546,0.3455963655636864,0.33361699926067945,3.461895341241592e-05,110.57467560396024,-31.571958850672793
0.17211645586615515,79000.0,put,7456.061937500001,7610.4870356541,0.3315575941445647,0.3455963655636864,-0.6663830007393206,3.461895341241592e-05,110.57467560396024,-27.484795827197317
0.17211645586615515,80000.0,call,1813.6366875,1878.7018639186608,0.33949023789077803,0.3456430276019269,0.30237215670743034,3.3206442145651614e-05,106.07736420269724,-30.233907544664874
0.17211645586615515,80000.0,put,8152.2053125,8340.011445074095,0.3277726015229242,0.3456430276019269,-0.6976278432925697,3.3206442145651614e-05,106.07736420269724,-26.09500828038591
0.17211645586615515,81000.0,call,1557.1628124999997,1643.096909733289,0.33751758082495376,0.3460659425448188,0.2731523048202755,3.161024499197605e-05,101.10189501721138,-28.800302457899768
0.17211645586615515,81000.0,put,8903.307375,9101.150985653185,0.32622768477495795,0.3460659425448188,-0.7268476951797245,3.161024499197605e-05,101.10189501721138,-24.609666952817324
0.17211645586615515,82000.0,call,1337.3280625,1436.1946257421987,0.3364182013123079,0.34683061821186306,0.2460620737639856,2.9884031962091282e-05,95.79198995920123,-27.3037873363209
0.17211645586615515,82000.0,put,9672.729000000001,9890.993196426534,0.3235746270182567,0.34683061821186306,-0.7539379262360144,2.9884031962091282e-05,95.79198995920123,-23.06141559043497
0.17211645586615515,83000.0,call,1135.812875,1255.0817944522933,0.33450430634471023,0.3479015450862968,0.2211373678586861,2.8078212155734476e-05,90.28142009176686,-25.774198842099747
0.17211645586615515,83000.0,put,10460.4701875,10706.624859901058,0.31978686205356954,0.3479015450862968,-0.7788626321413139,2.8078212155734476e-05,90.28142009176686,-21.480090855410324
0.17211645586615515,84000.0,call,989.2563749999999,1096.9375079984202,0.33632207362652655,0.34924355413752856,0.1983564732838159,2.6237694929849508e-05,84.68893089588872,-24.23769757949931
0.17211645586615515,84000.0,put,11303.1700625,11545.225068211621,0.3195295083579991,0.34924355413752856,-0.8016435267161841,2.6237694929849508e-05,84.68893089588872,-19.891853352006404
0.17211645586615515,85000.0,call,842.699875,959.1001958810721,0.3357818100972584,0.35082285571174915,0.17765247616962626,2.4400625703880388e-05,79.1154705603437,-22.71634648331883
0.17211645586615515,85000.0,put,12145.869937500001,12404.13225085874,0.31639158634647346,0.35082285571174915,-0.8223475238303737,2.4400625703880388e-05,79.1154705603437,-18.318766015022433
0.17211645586615515,86000.0,call,714.4629375,839.1103161016727,0.33517337928840557,0.35260775900279645,0.15892546887369996,2.259795401953078e-05,73.64335374769908,-21.22805240475872
0.17211645586615515,86000.0,put,12970.25025,13280.886865843779,0.3067195239434128,0.35260775900279645,-0.8410745311263,2.259795401953078e-05,73.64335374769908,-16.77873569565884
0.17211645586615515,87000.0,call,604.5455625000001,734.7325382591225,0.3347739845425064,0.35456910798176,0.1420535416749657,2.0853626598898377e-05,68.33686646681679,-19.78677044755724
0.17211645586615515,87000.0,put,13922.8675,14173.253582765683,0.31483278372612716,0.35456910798176,-0.8579464583250342,2.0853626598898377e-05,68.33686646681679,-15.285717497653874
0.17211645586615515,88000.0,call,512.9477499999999,643.9620550513246,0.33496124259902155,0.35668048747052306,0.12690203636913222,1.9185191353872255e-05,63.24381502363686,-18.40287517168996
0.17211645586615515,88000.0,put,14820.5260625,15079.227594322321,0.3112340401515468,0.35668048747052306,-0.8730979636308678,1.9185191353872255e-05,63.24381502363686,-13.850085980983101
0.17211645586615515,89000.0,call,439.6695,565.0195512763248,0.33624365277953305,0.3589182568169366,0.11333090682549518,1.7604626809160907e-05,58.39759286662572,-17.083618844370456
0.17211645586615515,89000.0,put,15736.5041875,15997.029585311742,0.3079993036419415,0.3589182568169366,-0.8866690931745048,1.7604626809160907e-05,58.39759286662572,-12.479093412860111
0.17211645586615515,90000.0,call,384.7108125,496.3387436893654,0.33927645744639606,0.3612614637432098,0.10120027434730011,1.611925489731776e-05,53.819439834899505,-15.833616943050833
0.17211645586615515,91000.0,call,326.0882125,436.54959431732277,0.33978578274745874,0.3636916819264536,0.0903743994564229,1.4732639647302707e-05,49.52066951964554,-14.655320291724617
0.17211645586615515,92000.0,call,282.1212625,384.4594927270309,0.3419254412649366,0.3661928058420434,0.0807243453655111,1.3445412451461576e-05,45.504726682767675,-13.549449158094758
0.17211645586615515,93000.0,call,241.818225,339.0340016165792,0.34339559775955003,0.36875082713350105,0.07212961059585941,1.2255993674447279e-05,41.769002543927165,-12.51537665791727
0.17211645586615515,94000.0,call,208.84301250000001,299.37820140901295,0.3453949302135913,0.37135360905980674,0.06447898191655818,1.1161200526502769e-05,38.306381800299384,-11.551457159118282
0.17211645586615515,95000.0,call,183.195625,264.71925169248834,0.3483677693940052,0.37399066959219335,0.05767082003573115,1.0156743856315796e-05,35.10652478773402,-10.65530072083443
0.17211645586615515,96000.0,call,168.539975,234.3904908280051,0.3542334127406605,0.37665297934441694,0.0516129492124203,9.237623683652036e-06,32.156905277068454,-9.823997697151032
0.17211645586615515,98000.0,call,124.57302500000002,184.50398703719202,0.35715192952741287,0.38202340643006627,0.04142429031301527,7.633609090211235e-06,26.952090868615095,-8.34275930517444
0.17211645586615515,100000.0,call,98.92563750000001,146.00837853895746,0.36401418821060066,0.38741518362053673,0.0333471497474597,6.304874337692167e-06,22.574890152270896,-7.08002398051802
0.17211645586615515,102000.0,put,29531.13475,28505.83209758303,0.6320905832090742,0.39279198851010605,-0.9730682173344943,5.208848353442011e-06,18.909363397504716,-0.7307641038127246
0.17211645586615515,104000.0,call,73.27825,92.85096121532047,0.3848129280348003,0.3981274968215162,0.02182377078300357,4.3070604548086e-06,15.848045668269725,-5.099909381462288
0.17211645586615515,104000.0,put,31418.0496875,30476.028416717396,0.6403016936771294,0.3981274968215162,-0.9781762292169964,4.3070604548086e-06,15.848045668269725,0.2806596621003617
0.17211645586615515,105000.0,call,65.950425,83.17115226162218,0.38798908349205546,0.40077363097751845,0.019670633667623467,3.9183408887481845e-06,14.513559190607122,-4.699933806094999
0.17211645586615515,105000.0,put,32315.70825,31463.093102528146,0.6356998133405672,0.40077363097751845,-0.9803293663323766,3.9183408887481845e-06,14.513559190607122,0.7323714782711368
0.17211645586615515,106000.0,call,58.62259999999999,74.58869448370001,0.39041568087887674,0.4034028334133019,0.01774516041801627,3.5660211696660795e-06,13.295217128796656,-4.332258603734979
0.17211645586615515,108000.0,put,35393.39475,34430.35254743691,0.6859753384971928,0.40860467032906606,-0.9855215361536268,2.9572681176279584e-06,11.167773584569781,1.9037463953329952
0.17211645586615515,110000.0,put,37115.433625,36412.44392891186,0.6579562301867423,0.41372381254523366,-0.9881464018323448,2.4569923898487717e-06,9.394786228372787,2.5549194275802503
0.17211645586615515,115000.0,put,42574.66325,41376.77666625939,0.7983311045649876,0.4261252685108183,-0.9927047910478813,1.5600766087323235e-06,6.144064781739826,3.8396861274067566
0.17211645586615515,120000.0,put,47484.306000000004,46349.248000610954,0.8373804430519753,0.4379342881052778,-0.99541894127628,1.0045670406698516e-06,4.065935152036022,4.774690105149251
0.24882878463327843,54000.0,call,20316.3948125,20224.47024090343,0.4792348617527295,0.461253099590765,0.9294229925860645,8.013997793906367e-06,49.390032593980976,-16.138900755294273
0.24882878463327843,54000.0,put,641.1846875000001,579.0198800762037,0.47354369242693733,0.461253099590765,-0.07057700741393547,8.013997793906367e-06,49.390032593980976,-12.109623725213938
0.24882878463327843,56000.0,call,18466.119,18406.649806937014,0.45863608916487403,0.4487396371913935,0.9104842853403763,9.86050619480688e-06,59.1213632067864,-18.235009322733298
0.24882878463327843,56000.0,put,806.06075,747.5994327458111,0.4584709575759474,0.4487396371913935,-0.08951571465962371,9.86050619480688e-06,59.1213632067864,-14.056499810057398
0.24882878463327843,58000.0,call,16689.1214375,16630.961589783627,0.44491431454357727,0.43667720511191,0.8875619825750632,1.1966592605654868e-05,69.82031834533241,-20.421659253641465
0.24882878463327843,58000.0,put,989.2563749999999,958.3112022284604,0.441082627675983,0.43667720511191,-0.11243801742493675,1.1966592605654868e-05,69.82031834533241,-16.09391725837
0.24882878463327843,60000.0,call,14948.763,14906.313040595262,0.4303131845995519,0.4251215573604612,0.8601392608802794,1.4313553169789114e-05,81.30390034348993,-22.643701322928727
0.24882878463327843,60000.0,put,1245.73025,1220.062639676109,0.428267676374252,0.4251215573604612,-0.13986073911972063,1.4313553169789114e-05,81.30390034348993,-18.16672684506169
0.24882878463327843,62000.0,call,13263.36325,13243.010460704885,0.41632469247868625,0.4141467566195391,0.8277527295376372,1.6857002024756154e-05,93.27932616127788,-24.82950859097504
0.24882878463327843,62000.0,put,1538.84325,1543.1600464217718,0.4136837940629839,0.4141467566195391,-0.17224727046236277,1.6857002024756154e-05,93.27932616127788,-20.203301630512428
0.24882878463327843,63000.0,call,12438.9829375,12437.960442652751,0.40900864107917884,0.4089057054944087,0.8095838974603295,1.8179813434918876e-05,99.32610128954742,-25.88203056279402
0.24882878463327843,63000.0,put,1722.038875,1731.31002168765,0.4079716708260231,0.4089057054944087,-0.19041610253967045,1.8179813434918876e-05,99.32610128954742,-21.18120736103363
0.24882878463327843,64000.0,call,11651.241750000001,11652.716822469192,0.40370654260306865,0.403846598437784,0.7900595502714031,1.9520084783339437e-05,105.32923391557,-26.891560054186396
0.24882878463327843,64000.0,put,1923.5540624999999,1939.2663948220961,0.4023535115921129,0.403846598437784,-0.20994044972859693,1.9520084783339437e-05,105.32923391557,-22.116120611128224
0.24882878463327843,65000.0,call,10881.820125,10888.90960160859,0.39834654191926083,0.3989841903842247,0.769170240913192,2.08623774303231e-05,111.21677103405223,-27.8451906379008
0.24882878463327843,65000.0,put,2161.7083749999997,2168.659167279515,0.3983590194746029,0.3989841903842247,-0.23082975908680803,2.08623774303231e-05,111.21677103405223,-22.99513495354484
0.24882878463327843,66000.0,call,10130.7180625,10148.206830742281,0.39283745406813325,0.3943342592233199,0.7469260676429196,2.21889207455418e-05,116.90995280360424,-28.72961169164263
0.24882878463327843,66000.0,put,2381.543125,2421.156389731226,0.3909413222232122,0.3943342592233199,-0.2530739323570804,2.21889207455418e-05,116.90995280360424,-23.80493976598889
0.24882878463327843,67000.0,call,9434.5746875,9432.288278098524,0.39010028996734175,0.389913387276506,0.7233600149725683,2.3479829104948755e-05,122.32461984190148,-29.531421135434382
0.24882878463327843,67000.0,put,2674.656125,2698.4378304054662,0.3879680885755847,0.389913387276506,-0.2766399850274317,2.3479829104948755e-05,122.32461984190148,-24.532132968482856
0.24882878463327843,68000.0,call,8738.431312499999,8742.812122653711,0.38539469047068897,0.3857386515700055,0.6985310066346861,2.4713496491735737e-05,127.373226117441,-30.23750789247721
0.24882878463327843,68000.0,put,2967.7691250000003,3002.161668278677,0.3830368876952513,0.3857386515700055,-0.30146899336531385,2.4713496491735737e-05,127.373226117441,-25.163603484227906
0.24882878463327843,69000.0,call,8060.6075,8081.374733248442,0.3802531793207732,0.38182721575335643,0.6725263495372434,2.586718889406725e-05,131.96747639200856,-30.835496616844814
0.24882878463327843,69000.0,put,3297.52125,3333.9242721914234,0.37906757964167653,0.38182721575335643,-0.32747365046275656,2.586718889406725e-05,131.96747639200856,-25.68697596729772
0.24882878463327843,70000.0,call,7419.422812500001,7449.464336718287,0.37598679199963914,0.37819582473902363,0.6454631992329307,2.6917837493337755e-05,136.02154186661573,-31.314238097772076
0.24882878463327843,70000.0,put,3663.9125000000004,3695.2138689792846,0.37589413260595134,0.37819582473902363,-0.3545368007670693,2.6917837493337755e-05,136.02154186661573,-26.0911012069272
0.24882878463327843,71000.0,call,6796.5576875,6848.410314543842,0.3711413751332418,0.37486021471244835,0.6174886673167087,2.7843010780089103e-05,139.45572305199738,-31.66431842440335
0.24882878463327843,71000.0,put,4030.30375,4087.359840122852,0.37076811577646196,0.37486021471244835,-0.3825113326832913,2.7843010780089103e-05,139.45572305199738,-26.366565292260685
0.24882878463327843,72000.0,call,6228.651250000001,6279.330898876375,0.3682703514009103,0.3718344652284803,0.588778239298584,2.8622013272534803e-05,142.20033427945347,-31.878550047420624
0.24882878463327843,72000.0,put,4451.6536875,4511.480417773408,0.36762703736831803,0.3718344652284803,-0.41122176070141603,2.8622013272534803e-05,142.20033427945347,-26.506180673980175
0.24882878463327843,73000.0,call,5697.3839375,5743.082990200353,0.3659612491663093,0.3691303347025941,0.5595322917446962,2.9237027129808984e-05,144.19949645508214,-31.95240055008591
0.24882878463327843,73000.0,put,4909.64275,4968.432502415388,0.3650534755048001,0.3691303347025941,-0.4404677082553038,2.9237027129808984e-05,144.19949645508214,-26.505414935347677
0.24882878463327843,74000.0,call,5184.4361875,5240.218458551397,0.3629207064686035,0.3667566327255074,0.5299706896726862,2.9674187676727916e-05,145.41446587713622,-31.884312757194756
0.24882878463327843,74000.0,put,5385.951375,5458.767964084436,0.36174938795760286,0.3667566327255074,-0.47002931032731377,2.9674187676727916e-05,145.41446587713622,-26.362710901158746
0.24882878463327843,75000.0,call,4726.447125,4770.951381532614,0.36166681811091894,0.36471868880437625,0.5003256886954568,2.992447259595107e-05,145.826119577873,-31.67587481999934
0.24882878463327843,75000.0,put,5898.899125,5982.700880383687,0.3589719972928727,0.36471868880437625,-0.4996743113045432,2.992447259595107e-05,145.826119577873,-26.07965672266554
0.24882878463327843,76000.0,call,4250.1385,4335.1400526738325,0.3571724853595588,0.36301797443182077,0.470833619347756,2.9984293551303914e-05,145.43627641438334,-31.331811826202237
0.24882878463327843,76000.0,put,6448.486,6540.089544842915,0.3567183943329587,0.36301797443182077,-0.529166380652244,2.9984293551303914e-05,145.43627641438334,-25.66097748757065
0.24882878463327843,77000.0,call,3847.1081249999997,3932.2862531998253,0.3557453905896435,0.36165192260661316,0.4417260381514275,2.985571009329983e-05,144.26765739461086,-30.859789992394088
0.24882878463327843,77000.0,put,7053.0315625,7130.435738686931,0.3562846613326788,0.36165192260661316,-0.5582739618485725,2.985571009329983e-05,144.26765739461086,-25.114339412464727
0.24882878463327843,78000.0,call,3444.07775,3561.552403161426,0.3523536755176121,0.36061396744806384,0.4132211385547315,2.9546234505817215e-05,142.3624590575897,-30.270047243220034
0.24882878463327843,78000.0,put,7639.2575625,7752.901881966529,0.35262328246105656,0.36061396744806384,-0.5867788614452685,2.9546234505817215e-05,142.3624590575897,-24.44998042199288
0.24882878463327843,79000.0,call,3114.3256249999995,3221.795144541844,0.3521937729559731,0.3598938002810297,0.38551619315477087,2.906825276193378e-05,139.77969544120714,-29.574885333833468
0.24882878463327843,79000.0,put,8262.122687500001,8406.34461666496,0.349555041936023,0.3598938002810297,-0.6144838068452292,2.906825276193378e-05,139.77969544120714,-23.680202271308534
0.24882878463327843,80000.0,call,2784.5735,2911.6120789937595,0.35015290871662313,0.35947781295031,0.35878164842406546,2.8438138219061472e-05,136.59161756236225,-28.78807411743746
0.24882878463327843,80000.0,put,8921.6269375,9089.361544434898,0.347155024658358,0.35947781295031,-0.6412183515759345,2.8438138219061472e-05,136.59161756236225,-22.81877481361474
0.24882878463327843,81000.0,call,2491.4605,2629.3971449525598,0.3489281992288214,0.3593496793940685,0.333157250296342,2.7675169848622212e-05,132.87961258855574,-27.924225147010937
0.24882878463327843,81000.0,put,9599.45075,9800.346603711703,0.3441427965048465,0.3593496793940685,-0.666842749703658,2.7675169848622212e-05,132.87961258855574,-21.88030960189043
0.24882878463327843,82000.0,call,2216.6670625,2373.3996636753363,0.34724271620395925,0.3594910161009041,0.30875030060910097,2.680037952037047e-05,128.73000386899642,-26.99818898842904
0.24882878463327843,82000.0,put,10368.872375,10537.549115752503,0.34630303163016773,0.3594910161009041,-0.691249699390899,2.680037952037047e-05,128.73000386899642,-20.879657202010755
0.24882878463327843,83000.0,call,1978.5127499999999,2141.78239444461,0.34663312506711297,0.3598820617739806,0.2856358897199326,2.5835443524523453e-05,124.23012382991551,-26.024520199232093
0.24882878463327843,83000.0,put,11119.9744375,11299.131839839793,0.3453318739397598,0.3598820617739806,-0.7143641102800674,2.5835443524523453e-05,124.23012382991551,-19.831372171516026
0.24882878463327843,84000.0,call,1758.678,1932.6748279835374,0.34577806567378033,0.3605023246374377,0.2638587632897491,2.4801707882488265e-05,119.46493583512697,-25.017039139683007
0.24882878463327843,84000.0,put,11871.076500000001,12083.224266696736,0.34250381167746086,0.3605023246374377,-0.7361412367102509,2.4801707882488265e-05,119.46493583512697,-18.749274870669154
0.24882878463327843,85000.0,call,1557.1628124999997,1744.2191405377907,0.34475604181597724,0.36133115914926944,0.24343638051680372,2.3719403452155407e-05,114.5143660348553,-23.98850415277441
0.24882878463327843,85000.0,put,12622.178562500001,12887.968572569,0.3376208553712202,0.36133115914926944,-0.7565636194831963,2.3719403452155407e-05,114.5143660348553,-17.646123642462776
0.24882878463327843,86000.0,call,1373.9671875,1574.607460953781,0.34366001867104123,0.36234824893444195,0.22436270284875964,2.260707342197821e-05,109.45139679547135,-22.950393994269227
0.24882878463327843,86000.0,put,13428.2393125,13711.55688630302,0.33572611918799494,0.36234824893444195,-0.7756372971512404,2.260707342197821e-05,109.45139679547135,-16.533397242659802
0.24882878463327843,88000.0,call,1080.8541874999999,1285.0957496786796,0.3436938364415218,0.3648697527385082,0.19014441430951362,2.03560638639783e-05,99.23901927309589,-20.88434411814182
0.24882878463327843,88000.0,put,15168.597749999999,15408.445161663942,0.33986500423271787,0.3648697527385082,-0.8098555856904863,2.03560638639783e-05,99.23901927309589,-14.318114883936829
0.24882878463327843,90000.0,call,842.699875,1051.548300507984,0.3435404780981321,0.367922871625261,0.16083916718090852,1.8153706724775442e-05,89.24274042576384,-18.882610450063382
0.24882878463327843,90000.0,put,16890.636625,17161.29769912926,0.33587924886246484,0.367922871625261,-0.8391608328190915,1.8153706724775442e-05,89.24274042576384,-12.167148733262824
0.24882878463327843,92000.0,call,659.5042500000001,863.203230796651,0.34440283306271374,0.37138365792961614,0.13594900139679567,1.6070647044132805e-05,79.74564021042085,-16.98802815926522
0.24882878463327843,92000.0,put,18722.592875000002,18959.352616053955,0.3396989624893494,0.37138365792961614,-0.8640509986032043,1.6070647044132805e-05,79.74564021042085,-10.123333959869093
0.24882878463327843,94000.0,call,512.9477499999999,711.1334288257503,0.34513071763238024,0.37514906633050005,0.11492812966217847,1.4148442190606579e-05,70.91911235110517,-15.226106381583579
0.24882878463327843,96000.0,call,403.030375,588.0798140750858,0.3469850691716299,0.3791354849549605,0.09723867742473191,1.2406555941207259e-05,62.84872455556118,-13.609129847778943
0.24882878463327843,98000.0,call,329.75212500000004,488.21427569433854,0.35187225546311074,0.3832762020868003,0.08238235724481369,1.084903428603639e-05,55.55891203630387,-12.139942073560386
0.24882878463327843,100000.0,call,263.8017,406.8928980438541,0.3549116957580473,0.3875186109689086,0.06991524564243068,9.469988036762868e-06,49.03348843407476,-10.815054764512436
0.24882878463327843,105000.0,call,161.21214999999998,262.3733454261319,0.36592210535810227,0.39832168552642416,0.0468085471760529,6.719531691581263e-06,35.76216101346024,-8.080111681525526
0.3255411134004017,30000.0,call,43710.476125,43620.89561874346,0.7491125088762394,0.6311324085594305,0.9964164293228895,4.0682499114846453e-07,4.488323258384718,-3.76444524472806
0.3255411134004017,30000.0,put,117.24519999999998,32.30378278760128,0.7448856223768762,0.6311324085594305,-0.003583570677110459,4.0682499114846453e-07,4.488323258384718,-1.1661910883172344
0.3255411134004017,35000.0,call,38819.152937499995,38716.705213788104,0.6697425024099684,0.590312608252164,0.9916476606146677,9.223964607015881e-07,9.518219369699644,-5.335384297147782
0.3255411134004017,35000.0,put,186.85953750000002,76.38973850628497,0.6745484952357184,0.590312608252164,-0.008352339385332308,9.223964607015881e-07,9.518219369699644,-2.304087781335152
0.3255411134004017,40000.0,call,33946.149312500005,33854.623975280185,0.5970600029836581,0.553043657082878,0.9825388615678415,1.865480833418193e-06,18.034588187502578,-7.535115083329178
0.3255411134004017,40000.0,put,293.113,162.584860672383,0.6129140702857859,0.553043657082878,-0.017461138432158463,1.865480833418193e-06,18.034588187502578,-4.070776208114743
0.3255411134004017,45000.0,call,29128.104375000003,29063.424189012847,0.5383279279827947,0.5186503576182463,0.9664374504273213,3.442617728373328e-06,31.211849590039034,-10.46603101466201
0.3255411134004017,45000.0,put,439.6695,319.6614350790669,0.5537798634464793,0.5186503576182463,-0.03356254957267868,3.442617728373328e-06,31.211849590039034,-6.568649780045772
0.3255411134004017,50000.0,call,24456.6159375,24386.510060371496,0.5004524954830731,0.4868007281075537,0.9397308512160848,5.87338020324102e-06,49.97989702422037,-14.130268217714908
0.3255411134004017,50000.0,put,696.143375,591.0236671117473,0.507014912345762,0.4868007281075537,-0.060269148783915205,5.87338020324102e-06,49.97989702422037,-9.799844623696865
0.3255411134004017,55000.0,call,19876.7253125,19887.736286281222,0.45599492942536285,0.4574759750917094,0.8978902123443542,9.316136570013835e-06,74.50066696082826,-18.35926089308529
0.3255411134004017,55000.0,put,1099.17375,1040.5262536954915,0.4652640122507873,0.4574759750917094,-0.10210978765564582,9.316136570013835e-06,74.50066696082826,-13.59579493966544
0.3255411134004017,56000.0,call,18997.3863125,19016.819086541902,0.4494999039368929,0.451936317599411,0.8872679199495581,1.0127712400807548e-05,80.01006542050898,-19.241431145522878
0.3255411134004017,56000.0,put,1209.0911250000001,1159.2643260909808,0.45811544367708157,0.451936317599411,-0.11273208005044189,1.0127712400807548e-05,80.01006542050898,-14.391356720222673
0.3255411134004017,58000.0,call,17293.666999999998,17310.52770624632,0.4393682073105122,0.4412147949266152,0.863459340464976,1.1861620223514305e-05,91.48504471591659,-21.00756253493907
0.3255411134004017,58000.0,put,1465.565,1432.283490065016,0.44483902039421747,0.4412147949266152,-0.13654065953502403,1.1861620223514305e-05,91.48504471591659,-15.984271165878138
0.3255411134004017,60000.0,call,15644.906375,15658.087962462741,0.429732592904053,0.4310090991430247,0.8360114109850795,1.3720322217131736e-05,103.37291720038806,-22.739335551685908
0.3255411134004017,60000.0,put,1776.9975625,1759.1542905510432,0.4327327451701748,0.4310090991430247,-0.16398858901492053,1.3720322217131736e-05,103.37291720038806,-17.542827238864252
0.3255411134004017,62000.0,call,14032.784875,14067.948170055693,0.4183223113213402,0.4213760230615992,0.8047235142130645,1.5663074539900635e-05,115.37264718486784,-24.38653264292126
0.3255411134004017,62000.0,put,2161.7083749999997,2148.3250424136004,0.4225351879243037,0.4213760230615992,-0.19527648578693546,1.5663074539900635e-05,115.37264718486784,-19.016807386338886
0.3255411134004017,64000.0,call,12493.941625000001,12549.220549208352,0.408026078068128,0.412383673748741,0.7695048238445417,1.7632482092427336e-05,127.10742992360011,-25.893354798957752
0.3255411134004017,64000.0,put,2601.377875,2608.907965835868,0.4117910965898544,0.412383673748741,-0.23049517615545834,1.7632482092427336e-05,127.10742992360011,-20.35041259861466
0.3255411134004017,65000.0,call,11761.159125,11819.601460749378,0.403741753325358,0.4081517565415962,0.750434211394963,1.8604643301159677e-05,132.7391525336278,-26.57579993438225
0.3255411134004017,65000.0,put,2857.85175,2868.9441495116953,0.40731584582584696,0.4081517565415962,-0.24956578860503698,1.8604643301159677e-05,132.7391525336278,-20.946249262158794
0.3255411134004017,66000.0,call,11046.6961875,11111.407196262313,0.3994186013658691,0.40410972463901945,0.7304197103992173,1.9554513568158316e-05,138.13455769848767,-27.20113046063359
0.3255411134004017,66000.0,put,3150.9647499999996,3150.405157159439,0.4041502348666902,0.40410972463901945,-0.26958028960078273,1.9554513568158316e-05,138.13455769848767,-21.48497131652977
0.3255411134004017,68000.0,call,9709.368125,9763.950038382507,0.3929467338077642,0.3966377020132267,0.6877327278432709,2.1341326425440302e-05,147.9692336883158,-28.252425303637125
0.3255411134004017,68000.0,put,3773.829875,3782.258543549251,0.3960680261998681,0.3966377020132267,-0.3122672721567291,2.1341326425440302e-05,147.9692336883158,-22.36304921577259
0.3255411134004017,70000.0,call,8445.3183125,8515.58967165291,0.3855485249558909,0.3900508588980681,0.6419426496794666,2.2897812088395595e-05,156.1245675239495,-28.996449260480667
0.3255411134004017,70000.0,put,4506.612375,4513.2087210892605,0.38962834181502587,0.3900508588980681,-0.35805735032053343,2.2897812088395595e-05,156.1245675239495,-22.933856228855404
0.3255411134004017,72000.0,call,7272.8663125,7373.569056625507,0.378213614909897,0.38442370838505885,0.593791515260913,2.4131988351306806e-05,162.16580925642833,-29.395175611966415
0.3255411134004017,72000.0,put,5330.9926875,5350.4986503314685,0.3832208595840229,0.38442370838505885,-0.406208484739087,2.4131988351306806e-05,162.16580925642833,-23.159365636580432
0.3255411134004017,74000.0,call,6246.9708125,6342.792450950525,0.3740323152219067,0.37981218034828695,0.5442353306669219,2.496792223937621e-05,165.77052544684045,-29.429019256976293
0.3255411134004017,74000.0,put,6265.290375,6299.032588926071,0.3777767669383842,0.37981218034828695,-0.45576466933307813,2.496792223937621e-05,165.77052544684045,-23.01999233782959
0.3255411134004017,75000.0,call,5770.6621875,5869.834049198034,0.37194510327023694,0.37789733999389397,0.5192704003268667,2.5220353302349682e-05,166.60231196758141,-29.309011100713786
0.3255411134004017,75000.0,put,6796.5576875,6815.729459308408,0.37674660347214955,0.37789733999389397,-0.48072959967313333,2.5220353302349682e-05,166.60231196758141,-22.81337570968672
0.3255411134004017,76000.0,call,5312.673124999999,5425.120135706835,0.3695019226292737,0.3762443604546983,0.49437088890582537,2.5358223175934347e-05,166.78033487183896,-29.100554627569963
0.3255411134004017,76000.0,put,7309.5054375,7360.670817951999,0.37317648763098205,0.3762443604546983,-0.5056291110941746,2.5358223175934347e-05,166.78033487183896,-22.518310764662537
0.3255411134004017,78000.0,call,4469.97325,4618.998597692793,0.3646895030212039,0.3737142915368284,0.4453275868140934,2.5292303656036565e-05,165.22817899320563,-28.434944391771854
0.3255411134004017,78000.0,put,8463.637875,8533.859824207568,0.3694631099949713,0.3737142915368284,-0.5546724131859067,2.5292303656036565e-05,165.22817899320563,-21.679483585103707
0.3255411134004017,80000.0,call,3755.5103124999996,3919.5580490141365,0.36199497054999025,0.3721808109931677,0.39814791791257975,2.479749189697668e-05,161.33097472010905,-27.476630566990263
0.3255411134004017,80000.0,put,9709.368125,9813.72981979853,0.36570504274396615,0.3721808109931677,-0.6018520820874202,2.479749189697668e-05,161.33097472010905,-20.547952816561395
0.3255411134004017,82000.0,call,3132.6451875,3319.169287485798,0.35952837534582543,0.371571871910022,0.35368647364787603,2.393260065978453e-05,155.4492916426885,-26.283073176461563
0.3255411134004017,82000.0,put,11065.01575,11192.651602539794,0.36334054569253793,0.371571871910022,-0.646313526352124,2.393260065978453e-05,155.4492916426885,-19.18117848227197
0.3255411134004017,84000.0,call,2601.377875,2808.309476333663,0.3577191699052798,0.3717930035954932,0.3125501599475544,2.2776339057990848e-05,148.02707411988777,-24.917246172410305
0.3255411134004017,84000.0,put,12493.941625,12661.10233565727,0.36043933699571035,0.3717930035954932,-0.6874498400524456,2.2776339057990848e-05,148.02707411988777,-17.642134534459995
0.3255411134004017,85000.0,call,2363.2235625,2583.195621116727,0.3567571440227382,0.372181700784895,0.29334704727616956,2.211576902994344e-05,143.88419277281392,-24.189184710768572
0.3255411134004017,85000.0,put,13281.6828125,13425.643752575153,0.3621190711142683,0.372181700784895,-0.7066529527238304,2.211576902994344e-05,143.88419277281392,-16.827464600937898
0.3255411134004017,86000.0,call,2143.3888125,2376.5162181852575,0.35583625412106606,0.37273748195283773,0.2750862429556824,2.1414386133363204e-05,139.52907630532692,-23.440734295054366
0.3255411134004017,86000.0,put,14032.784875,14208.619621778482,0.3600273709581763,0.37273748195283773,-0.7249137570443176,2.1414386133363204e-05,139.52907630532692,-15.99240571334333
0.3255411134004017,88000.0,call,1776.9975625,2013.2341668403224,0.35587500009201084,0.37429583276059597,0.24140936267787338,1.9928483198378526e-05,130.3902924898102,-21.908679858223866
0.3255411134004017,88000.0,put,15131.958625000001,15824.648114703159,0.3180945909671595,0.37429583276059597,-0.7585906373221266,1.9928483198378526e-05,130.3902924898102,-14.287134332752109
0.3255411134004017,90000.0,call,1465.565,1708.442397917206,0.3558117990808174,0.37636315934929104,0.2114508356280425,1.8389283791714937e-05,120.9840011848314,-20.366969839558216
0.3255411134004017,90000.0,put,17311.986562500002,17499.166890049644,0.36061475099748114,0.37636315934929104,-0.7885491643719575,1.8389283791714937e-05,120.9840011848314,-12.572207370325739
0.3255411134004017,92000.0,call,1190.7715625,1453.039255044474,0.35453157910972183,0.3788438252447496,0.1850140406882304,1.6853060983378943e-05,111.6079235435331,-18.851379920825977
0.3255411134004017,94000.0,call,989.2563749999999,1239.0199970775357,0.35623386260495693,0.3816537692509249,0.16182479899336466,1.5361388504684912e-05,102.48399620373142,-17.388079955569932
0.3255411134004017,94000.0,put,20737.74475,20988.365577749195,0.35614251058864427,0.3816537692509249,-0.8381752010066353,1.5361388504684912e-05,102.48399620373142,-9.246883598816014
0.3255411134004017,95000.0,call,879.339,1145.3369969747419,0.354604471359035,0.3831592799389308,0.15135122133434487,1.4641579344185832e-05,98.0670918338714,-16.681892497596653
0.3255411134004017,96000.0,call,806.06075,1059.5057325083562,0.35615985581776377,0.38472106664390066,0.1415714511037311,1.3942638531515697e-05,93.7663388710763,-15.994892198815746
0.3255411134004017,98000.0,call,659.5042500000001,908.6807349157461,0.3567873938376121,0.3879853791319361,0.12393362382444734,1.261430479827152e-05,85.55289366545593,-14.682832609240643
0.3255411134004017,100000.0,call,549.586875,781.6826922641449,0.35913135457116846,0.3913968131493409,0.10860103217333844,1.1385478754420275e-05,77.89769467359241,-13.457636886922549
0.3255411134004017,102000.0,call,457.98906250000005,674.4759584974563,0.361416213295402,0.39491454555111166,0.09528452972926366,1.0259105530255178e-05,70.82207551059241,-12.321115265987697
0.3255411134004017,105000.0,call,373.71907500000003,543.642747818918,0.3698555713523159,0.40031973993751,0.07852354750478953,8.75795189381615e-06,61.28660781515405,-10.779886295910408
0.3255411134004017,110000.0,call,249.14605000000003,385.0574454153716,0.3776702284428963,0.40947500318367025,0.0573533298031772,6.715993508751384e-06,48.07216542152702,-8.617190758303567
0.3255411134004017,115000.0,call,168.539975,277.4253971784765,0.38534053486239894,0.41860119624881886,0.04235724093336166,5.15773831508294e-06,37.741207567374126,-6.895299421547416
0.3255411134004017,120000.0,call,124.57302500000002,203.0421424654969,0.3969995098221476,0.4275519597835588,0.03163547150690902,3.977351270620219e-06,29.72616423042322,-5.533199218813362
0.3255411134004017,125000.0,put,51899.320562500005,50579.413015914164,0.67749211391693,0.4362488261817299,-0.9761116406052138,3.0842770842037954e-06,23.52034465262069,6.368391384197086
0.3255411134004017,135000.0,call,65.950425,86.35444368622859,0.43782698461228065,0.452750119219169,0.01404985883132483,1.8910487525779797e-06,14.966399080714389,-2.933870599954264
0.3255411134004017,135000.0,put,61865.162562499994,60411.56618188489,0.7529411739694043,0.452750119219169,-0.9859501411686752,1.8910487525779797e-06,14.966399080714389,8.758273103894451
0.3255411134004017,145000.0,put,72838.5805,70273.47245904534,0.9321217446052278,0.4680234799611158,-0.9914199428839583,1.1911999251327144e-06,9.74559415533138,10.588411485758307
0.5748561818935524,30000.0,call,44168.4651875,44132.36880974228,0.6331822632014259,0.6160667249823907,0.9858333061353485,1.0533097721662484e-06,20.030567328080554,-5.890336872568071
0.5748561818935524,30000.0,put,318.7603875,200.75579987070978,0.6669160869152174,0.6160667249823907,-0.014166693864651525,1.0533097721662484e-06,20.030567328080554,-2.8106097223767437
0.5748561818935524,35000.0,call,39460.337625,39411.28806055653,0.5953137220561895,0.5810841971896671,0.9742585613145407,1.8551825438610305e-06,33.27630515961393,-7.9639350417469785
0.5748561818935524,35000.0,put,494.62818749999997,370.7812157063818,0.6153498994838295,0.5810841971896671,-0.025741438685459306,1.8551825438610305e-06,33.27630515961393,-4.370920033190431
0.5748561818935524,40000.0,call,34770.529624999996,34785.24301968717,0.5467650816548757,0.5496652207154126,0.9567206046369672,3.0077702046844286e-06,51.03314058145433,-10.391248249625317
0.5748561818935524,40000.0,put,787.7411874999999,635.8423398584277,0.5778483586094821,0.5496652207154126,-0.043279395363032824,3.0077702046844286e-06,51.03314058145433,-6.28494538270355
0.5748561818935524,45000.0,call,30263.91725,30289.180839216016,0.5177745299621225,0.5212372760840013,0.9315098847611889,4.559173223144182e-06,73.35520652934521,-13.096097991883047
0.5748561818935524,45000.0,put,1154.1324375,1030.8863244086751,0.5376266011444687,0.5212372760840013,-0.0684901152388111,4.559173223144182e-06,73.35520652934521,-8.476507266596059
0.5748561818935524,50000.0,call,25903.861375,25966.768661506714,0.48916836396609886,0.49552257238085495,0.8968607575571673,6.519747178182746e-06,99.72489367293703,-15.947519927673026
0.5748561818935524,50000.0,put,1722.038875,1599.5803117207788,0.5076386262842618,0.49552257238085495,-0.10313924244283268,6.519747178182746e-06,99.72489367293703,-10.814641344020817
0.5748561818935524,54000.0,call,22588.0205625,22669.47513538786,0.47020123032237393,0.4768660484526595,0.861266934650123,8.349157848659717e-06,122.89903113643665,-18.20988090023195
0.5748561818935524,54000.0,put,2326.5844375,2215.171717619045,0.48586560791783445,0.4768660484526595,-0.13873306534987695,8.349157848659717e-06,122.89903113643665,-12.666372029887562
0.5748561818935524,55000.0,call,21800.279375,21871.49601668797,0.46692394543054816,0.4724743398399924,0.8511913170965941,8.835012459122646e-06,128.85307212753736,-18.757883706813974
0.5748561818935524,55000.0,put,2491.4605,2395.413831923437,0.47988744603014866,0.4724743398399924,-0.14880868290340588,8.835012459122646e-06,128.85307212753736,-13.111717264796544
0.5748561818935524,56000.0,call,21012.538187499995,21085.103522879595,0.46279272189942505,0.468194775820726,0.8406319080443736,9.329475506400204e-06,134.83206211478995,-19.294874122227856
0.5748561818935524,56000.0,put,2692.9756875,2587.2425711193537,0.4759955942127346,0.468194775820726,-0.1593680919556264,9.329475506400204e-06,134.83206211478995,-13.546050108537381
0.5748561818935524,58000.0,call,19473.694937500004,19549.26984924049,0.4548166359129411,0.4599805600851616,0.8180505497065746,1.0337160200458642e-05,146.77433077497625,-20.327488453756718
0.5748561818935524,58000.0,put,3114.3256249999995,3007.8513634888113,0.46720643400669504,0.4599805600851616,-0.18194945029342535,1.0337160200458642e-05,146.77433077497625,-14.373349296720155
0.5748561818935524,60000.0,call,18008.129937499998,18066.433136964697,0.44855904874105906,0.45224265180816847,0.7935235516063333,1.1356217781564535e-05,158.53115213241122,-21.290856444029373
0.5748561818935524,60000.0,put,3608.9538125000004,3481.4571172215747,0.46025782688702493,0.45224265180816847,-0.20647644839366674,1.1356217781564535e-05,158.53115213241122,-15.131402143646719
0.5748561818935524,62000.0,call,16579.2040625,16641.10826715317,0.44135528256465234,0.4450033908041677,0.767093718910158,1.2367821292410452e-05,169.8892526461814,-22.168152008945988
0.5748561818935524,62000.0,put,4140.221125,4012.5747134186095,0.45249916469720197,0.4450033908041677,-0.23290628108984202,1.2367821292410452e-05,169.8892526461814,-15.803382565217246
0.5748561818935524,64000.0,call,15223.5564375,15277.747443768865,0.4352848827144736,0.4382871481313877,0.7388529921119762,1.3350730409825437e-05,180.62303968912533,-22.943216209082003
0.5748561818935524,64000.0,put,4763.08625,4605.656356042869,0.44698647036929373,0.4382871481313877,-0.2611470078880238,1.3350730409825437e-05,180.62303968912533,-16.373131622007172
0.5748561818935524,65000.0,call,14564.052187500001,14620.641139982414,0.43208370182168465,0.43513299494436997,0.7240971190410525,1.3824302467778815e-05,185.68406177426112,-23.28772208753629
0.5748561818935524,65000.0,put,5092.838375,4926.7712852607,0.44406241220810805,0.43513299494436997,-0.27590288095894755,1.3824302467778815e-05,185.68406177426112,-16.614979928788415
0.5748561818935524,66000.0,call,13941.187062500001,13980.588978879532,0.4300500205557372,0.4321189364270267,0.7089479697781744,1.4282032716664867e-05,190.50338916640504,-23.601285912008784
0.5748561818935524,66000.0,put,5440.9100625,5264.940357162101,0.4413442754544532,0.4321189364270267,-0.2910520302218256,1.4282032716664867e-05,190.50338916640504,-16.82588618158787
0.5748561818935524,68000.0,call,12732.095937499998,12753.477164696858,0.42544983986007867,0.4265226947038458,0.6775827388378513,1.5138223150192438e-05,199.30878033539489,-24.129784484064523
0.5748561818935524,68000.0,put,6192.012125,5994.2710089879765,0.43643698760484,0.4265226947038458,-0.32241726116214875,1.5138223150192438e-05,199.30878033539489,-17.14906961029752
0.5748561818935524,70000.0,call,11577.9635,11599.663491648033,0.4204701655635454,0.42151932035822637,0.6450177856019962,1.5896580519244947e-05,206.83812101057265,-24.519106898748497
0.5748561818935524,70000.0,put,7016.3924375,6796.899801947722,0.4321287062226882,0.42151932035822637,-0.3549822143980038,1.5896580519244947e-05,206.83812101057265,-17.333076881635403
0.5748561818935524,72000.0,call,10497.109312499999,10521.606683765953,0.41597409383412637,0.4171246006892522,0.6115640158210719,1.6536726621409708e-05,212.92405828171022,-24.7633083487037
0.5748561818935524,72000.0,put,7895.7314375,7675.285460074207,0.42747914065516585,0.4171246006892522,-0.3884359841789281,1.6536726621409708e-05,212.92405828171022,-17.37196318824451
0.5748561818935524,74000.0,call,9507.8529375,9520.79501193513,0.41275209119001205,0.41334726943487377,0.577571518709175,1.704218163642075e-05,217.44511079454057,-24.860594751407653
0.5748561818935524,74000.0,put,8866.66825,8630.916254251948,0.42419249042169804,0.41334726943487377,-0.422428481290825,1.704218163642075e-05,217.44511079454057,-17.26393444760238
0.5748561818935524,75000.0,call,9031.5443125,9049.522551430706,0.4108699850381643,0.41169053065764416,0.5604895133916281,1.7240649615697268e-05,219.0957170397112,-24.85477567256571
0.5748561818935524,75000.0,put,9379.616,9137.865026751806,0.42272819864867495,0.41169053065764416,-0.4395104866083719,1.7240649615697268e-05,219.0957170397112,-17.155457797087394
0.5748561818935524,76000.0,call,8573.55525,8597.616635353916,0.4090954481512811,0.4101874537278372,0.5434136146295323,1.7401684907260374e-05,220.33478066211515,-24.81352418912297
0.5748561818935524,76000.0,put,9910.8833125,9664.180343679298,0.42138759567738887,0.4101874537278372,-0.4565863853704677,1.7401684907260374e-05,220.33478066211515,-17.011548741971612
0.5748561818935524,78000.0,call,7712.535812499999,7751.300281647054,0.4058863745831064,0.4076357587650915,0.5094677261852888,1.7610057604745073e-05,221.58605993199018,-24.628863992239168
0.5748561818935524,78000.0,put,11010.0570625,10774.306455980994,0.4182760229772567,0.4076357587650915,-0.4905322738147112,1.7610057604745073e-05,221.58605993199018,-16.621573401741724
0.5748561818935524,80000.0,call,6961.43375,6979.939041407579,0.4048367379675517,0.40567315268454535,0.4760953981855986,1.7668453032378868e-05,221.25045774976263,-24.31710350551406
0.5748561818935524,80000.0,put,12219.1481875,11959.3876817501,0.4174102309212791,0.40567315268454535,-0.5239046018144013,1.7668453032378868e-05,221.25045774976263,-16.104497771670527
0.5748561818935524,82000.0,call,6210.3316875,6280.596420419588,0.40106873982695385,0.40427167931892716,0.44362407208481774,1.7583957099997104e-05,219.4316750632823,-23.89168313317251
0.5748561818935524,82000.0,put,13428.2393125,13216.48752677066,0.4139146304820703,0.40427167931892716,-0.5563759279151823,1.7583957099997104e-05,219.4316750632823,-15.473762255982889
0.5748561818935524,84000.0,call,5550.8274375,5649.479922508628,0.3988313842898366,0.4033958804449933,0.4123328696390553,1.736862991071579e-05,216.27504173411498,-23.368047775065797
0.5748561818935524,84000.0,put,14728.92825,14541.813494868256,0.41203704903472543,0.4033958804449933,-0.5876671303609446,1.736862991071579e-05,216.27504173411498,-14.744811754530081
0.5748561818935524,85000.0,call,5221.075312499999,5358.140083658014,0.3967373276559801,0.40314243934892513,0.39720153874474556,1.7216710589620303e-05,214.2486444201212,-23.07452857876988
0.5748561818935524,85000.0,put,15370.1129375,15228.694889021928,0.4097352841326808,0.40314243934892513,-0.6027984612552544,1.7216710589620303e-05,214.2486444201212,-14.348634986561123
0.5748561818935524,86000.0,call,4927.962312500001,5082.157424207009,0.39571762432386703,0.4030046963970586,0.3824437733659777,1.703817796540156e-05,211.9545001084386,-22.762653328986925
0.5748561818935524,86000.0,put,16084.575875,15930.933462575194,0.4102420158413948,0.4030046963970586,-0.6175562266340223,1.703817796540156e-05,211.9545001084386,-13.934102165105125
0.5748561818935524,88000.0,call,4378.3754375,4573.78795725256,0.3935686743432297,0.4030535645013204,0.35411850766520286,1.6610487647752506e-05,206.6590997639814,-22.092045126460246
0.5748561818935524,88000.0,put,17476.862624999998,17379.00646162931,0.4077817431771809,0.4030535645013204,-0.6458814923347971,1.6610487647752506e-05,206.6590997639814,-13.058178819232355
0.5748561818935524,90000.0,call,3902.0668124999997,4119.341250696845,0.3926134617011743,0.40349645274848306,0.3274604605029353,1.61042316525696e-05,200.5806870059184,-21.3720944446811
0.5748561818935524,90000.0,put,18979.06675,18881.00222108217,0.4083756743031726,0.40349645274848306,-0.6725395394970647,1.61042316525696e-05,200.5806870059184,-12.132912994107123
0.5748561818935524,92000.0,call,3462.3973125,3713.787457007704,0.39123036242975673,0.40428763247643235,0.302520370045238,1.553769948119547e-05,193.90390609239293,-20.617436965348332
0.5748561818935524,92000.0,put,20499.5904375,20431.890893401593,0.40777268141988227,0.40428763247643235,-0.697479629954762,1.553769948119547e-05,193.90390609239293,-11.172940371428265
0.5748561818935524,94000.0,call,3059.3669375,3352.247067642933,0.38953678346174037,0.4053830795298059,0.27930429321423633,1.4927928232396516e-05,186.79899715060128,-19.84111799716848
0.5748561818935524,94000.0,put,22075.072812500002,22026.792970045382,0.4079634056243839,0.4053830795298059,-0.7206957067857637,1.4927928232396516e-05,186.79899715060128,-10.191306259902326
0.5748561818935524,95000.0,call,2876.1713125,3186.525517872895,0.388869773684772,0.40603186549901593,0.2683346219452708,1.4611666150514068e-05,183.13411060671876,-19.448431944668545
0.5748561818935524,95000.0,put,22881.133562500003,22839.29265327962,0.40831293258575524,0.40603186549901593,-0.7316653780547292,1.4611666150514068e-05,183.13411060671876,-9.695962635729346
0.5748561818935524,96000.0,call,2711.2952499999997,3030.0987349295756,0.38871405914331675,0.40674147277158407,0.2577824950205022,1.4290143589236547e-05,179.41734834270622,-19.054421275952706
0.5748561818935524,96000.0,put,23668.87475,23661.087103340586,0.4071753806920066,0.40674147277158407,-0.7422175049794978,1.4290143589236547e-05,179.41734834270622,-9.199294395340463
0.5748561818935524,98000.0,call,2399.8626875,2743.048252063083,0.3879742785848008,0.4083248171011455,0.23789820755700242,1.363747534552792e-05,171.8894171657925,-18.26684328264153
0.5748561818935524,98000.0,put,25335.9549375,25330.479086482665,0.4086432948316201,0.4083248171011455,-0.7621017924429976,1.363747534552792e-05,171.8894171657925,-8.2064012586832
0.5748561818935524,100000.0,call,2143.3888125,2487.1650414005726,0.3886901846800644,0.41009875157084125,0.2195755716290302,1.2980888849818148e-05,164.32447854003368,-17.486171256245647
0.5748561818935524,100000.0,put,27003.035125,27031.038341828702,0.40839161932855494,0.41009875157084125,-0.7804244283709698,1.2980888849818148e-05,164.32447854003368,-7.220414088941225
0.5748561818935524,102000.0,call,1886.9149375000002,2258.893572461162,0.3875908817348559,0.41203261548186065,0.20272640142722348,1.2329268786097912e-05,156.81164112827904,-16.71862666423837
0.5748561818935524,102000.0,put,28743.393562499998,28759.209338897846,0.41102285117692733,0.41203261548186065,-0.7972735985727766,1.2329268786097912e-05,156.81164112827904,-6.247554353587865
0.5748561818935524,104000.0,call,1685.39975,2055.046838915712,0.3884784802363457,0.4140993431822061,0.1872556609722833,1.1689598035767784e-05,149.42164164509933,-15.969043132565645
0.5748561818935524,105000.0,call,1593.8019375,1961.3832200478955,0.3889931806809509,0.41517500430878823,0.18000669663013508,1.1375961506419536e-05,145.79032262237106,-15.602164460238534
0.5748561818935524,106000.0,call,1502.204125,1872.7880004943745,0.3891225302019386,0.41627524826444295,0.17306570369324809,1.1067185925223945e-05,142.20903154410772,-15.241055992850942
0.5748561818935524,108000.0,call,1337.3280625000002,1709.6050119274805,0.3896537123575125,0.41853974494343976,0.16005941649148575,1.046591273379365e-05,135.2144789272223,-14.537288055387199
0.5748561818935524,110000.0,call,1190.7715625,1563.281807089783,0.39022490569287854,0.42087504168316703,0.14814244680449246,9.888468554343114e-06,128.4670032789596,-13.8595222441149
0.5748561818935524,115000.0,call,915.9781250000001,1259.0161260534396,0.3942857724936053,0.4269278908123952,0.1225373706351428,8.5585329674882e-06,112.7880894404788,-12.284744102550114
0.5748561818935524,120000.0,call,714.4629375,1024.0561121562005,0.3990395207169525,0.4331486412333484,0.10193335668816261,7.3950990663347656e-06,98.87587435894544,-10.882161758067154
0.5748561818935524,125000.0,call,549.586875,840.7026532943519,0.4020560421270126,0.4394134873893609,0.08529506348862259,6.390484989945356e-06,86.67953772569143,-9.643977476132168
0.5748561818935524,130000.0,call,457.98906250000005,696.1498380508638,0.4106930088517611,0.445640815611404,0.0717951005338699,5.5294285040117255e-06,76.06319988785975,-8.556561226926043
0.5748561818935524,135000.0,call,384.7108125,581.0691872157558,0.41890822845496073,0.4517777698690177,0.06078199887776734,4.794208107031139e-06,66.85765249200416,-7.6041400940171675
0.5748561818935524,140000.0,call,293.113,488.60512674051824,0.4194887592888508,0.457790992699186,0.05174612949776628,4.16730940850464e-06,58.88875521003089,-6.7708322163542265
0.5748561818935524,150000.0,call,212.506925,352.4507022450384,0.4340621244900668,0.46937453046818706,0.03810055412208097,3.1761348420620044e-06,46.018010225458596,-5.403139589501353
0.5748561818935524,160000.0,call,168.539975,260.2915617548597,0.45142903538972284,0.4803207700396385,0.028600588321314433,2.4505350464740415e-06,36.333034324304805,-4.351260646575132
0.5748561818935524,170000.0,call,131.90085,196.19086538882493,0.4654336574927053,0.4906288928132897,0.021844940232794145,1.91397930110823e-06,28.98676442517647,-3.5363936975168544
0.5748561818935524,180000.0,call,91.5978125,150.53444886503985,0.470650950313965,0.5003286488710698,0.01694646534261971,1.5125730308352246e-06,23.36044482891844,-2.8997089087921055
0.5748561818935524,210000.0,call,62.28651250000001,74.20786537039567,0.5163847183508128,0.5262065317558451,0.008556824312164365,7.954013118395165e-07,12.919684905474016,-1.6780560924663561
0.5748561818935524,250000.0,call,32.9752125,33.691739615991935,0.553622906805922,0.5547293828440238,0.0039638058730923215,3.8127600310783337e-07,6.528749819398672,-0.8899825725507283
0.8241712503867031,40000.0,call,35649.868624999996,35868.788423088205,0.5263738278648418,0.5537394203336669,0.9360608880847225,3.3982654215822377e-06,83.2780174059372,-11.324164066643803
0.8241712503867031,40000.0,put,1319.0085000000001,1267.310143630577,0.5598945447927302,0.5537394203336669,-0.06393911191527746,3.3982654215822377e-06,83.2780174059372,-6.999034884770768
0.8241712503867031,50000.0,call,27296.148125,27619.229145492565,0.48322621966720586,0.506816497885388,0.8715883745044581,6.2211031546283805e-06,139.53584458663397,-15.807949173438235
0.8241712503867031,50000.0,put,2656.3365624999997,2686.943796170517,0.5046193423955081,0.506816497885388,-0.12841162549554186,6.2211031546283805e-06,139.53584458663397,-10.401537696096941
0.8241712503867031,55000.0,call,23467.3595625,23828.78478925702,0.46574689896871085,0.487284175612163,0.8278863499987307,7.868261619898671e-06,169.67925124135309,-17.862080692271803
0.8241712503867031,55000.0,put,3718.8711875000004,3731.095905002776,0.48656346107126597,0.487284175612163,-0.17211365000126932,7.868261619898671e-06,169.67925124135309,-11.915028067196378
0.8241712503867031,56000.0,call,22752.896625,23102.72632437024,0.46358469176767503,0.48368725655881106,0.8182108227747844,8.205547715321552e-06,175.6466454391374,-18.24228881017734
0.8241712503867031,56000.0,put,3975.3450625,3971.9567331295675,0.48388014617131364,0.48368725655881106,-0.1817891772252156,8.205547715321552e-06,175.6466454391374,-12.187107955555087
0.8241712503867031,58000.0,call,21342.2903125,21685.37060049465,0.4583737262495697,0.4768068049207374,0.7979494772851562,8.880349128224889e-06,187.3872874098754,-18.96433741961717
0.8241712503867031,58000.0,put,4488.2928125,4488.439595281083,0.4767989717754392,0.4768068049207374,-0.2020505227148438,8.880349128224889e-06,187.3872874098754,-12.692900105901264
0.8241712503867031,60000.0,call,19950.0035625,20316.600018353507,0.4518072627136457,0.47034919931974123,0.7765151959104739,9.548258187517275e-06,198.7523179049044,-19.629118652597494
0.8241712503867031,60000.0,put,5074.5188125,5053.507599167067,0.4714060546234613,0.47034919931974123,-0.2234848040895261,9.548258187517275e-06,198.7523179049044,-13.14142487978794
0.8241712503867031,62000.0,call,18649.314625,18999.006915043785,0.4475798508433489,0.46432129830411445,0.7539755730601356,1.0200109537369398e-05,209.59990426143878,-20.22979535855728
0.8241712503867031,62000.0,put,5734.0230625,5669.753081884453,0.46738578601865083,0.46432129830411445,-0.24602442693986437,1.0200109537369398e-05,209.59990426143878,-13.525845126654072
0.8241712503867031,64000.0,call,17421.9039375,17735.01779749013,0.44445607069315124,0.45873031847146456,0.7304204041421309,1.0826361038442038e-05,219.78982825164522,-20.76028428220345
0.8241712503867031,64000.0,put,6430.1664375,6339.602550357922,0.4628485803978891,0.45873031847146456,-0.26957959585786906,1.0826361038442038e-05,219.78982825164522,-13.840077591206592
0.8241712503867031,65000.0,call,16799.0388125,17123.819520424877,0.44161730318022296,0.4561008433671139,0.7182961852371148,1.1126877252725413e-05,224.59589362770674,-20.99756505626088
0.8241712503867031,65000.0,put,6796.5576875,6695.323566306226,0.4606061605574504,0.4561008433671139,-0.2817038147628852,1.1126877252725413e-05,224.59589362770674,-13.969230135717195
0.8241712503867031,66000.0,call,16231.132375000001,16526.819179529964,0.4406679859585079,0.4535830843553297,0.7059618566723193,1.1417404726465579e-05,229.18800560673648,-21.215464987887263
0.8241712503867031,66000.0,put,7181.2685,7065.242518424875,0.4586436186191399,0.4535830843553297,-0.29403814332768075,1.1417404726465579e-05,229.18800560673648,-14.079001837796753
0.8241712503867031,68000.0,call,15095.3195,15376.279578812922,0.4370589666352108,0.4488852431481481,0.6807335492797014,1.1963930932318402e-05,237.67136742421226,-21.59137611794309
0.8241712503867031,68000.0,put,7987.32925,7848.5415037349485,0.45472365544386717,0.4488852431481481,-0.3192664507202986,1.1963930932318402e-05,237.67136742421226,-14.238656508758927
0.8241712503867031,70000.0,call,13996.14575,14284.872663655668,0.4328621927408102,0.44464048395298816,0.6548883799167413,1.2457323744721447e-05,245.13278114946482,-21.88538256130288
0.8241712503867031,70000.0,put,8848.3486875,8690.973174604824,0.45106062386925916,0.44464048395298816,-0.3451116200832587,1.2457323744721447e-05,245.13278114946482,-14.316406493025067
0.8241712503867031,72000.0,call,12970.25025,13253.60766972031,0.4295857662136624,0.4408498139789218,0.6285950558764479,1.2890056974876997e-05,251.48560900675318,-22.096296472907675
0.8241712503867031,72000.0,put,9782.646375,9593.54676669657,0.4483706648309213,0.4408498139789218,-0.37140494412355207,1.2890056974876997e-05,251.48560900675318,-14.311063945536207
0.8241712503867031,74000.0,call,11980.993875,12282.973668392991,0.4257511352445957,0.43751095083449565,0.6020334263037026,1.3256053857610117e-05,256.6674683510778,-22.224436964629056
0.8241712503867031,74000.0,put,10716.944062499999,10556.751351396368,0.4437538123332768,0.43751095083449565,-0.3979665736962974,1.3256053857610117e-05,256.6674683510778,-14.22294797816394
0.8241712503867031,76000.0,call,11065.01575,11372.903781134777,0.42281142308276165,0.43461788790083067,0.5753888805502396,1.3550973039674099e-05,260.6427909557952,-22.271617960354874
0.8241712503867031,76000.0,put,11761.159125,11580.52005016529,0.44155057065394393,0.43461788790083067,-0.4246111194497604,1.3550973039674099e-05,260.6427909557952,-14.053872514796108
0.8241712503867031,78000.0,call,10203.996312500001,10522.763891444185,0.4200643381965889,0.4321606773440994,0.5488462207425479,1.377238918472237e-05,263.40388331931837,-22.241060778463368
0.8241712503867031,78000.0,put,12842.0133125,12664.218746501814,0.4389123212102506,0.4321606773440994,-0.45115377925745215,1.377238918472237e-05,263.40388331931837,-13.80705887381095
0.8241712503867031,80000.0,call,9416.255125,9731.367961274045,0.4182360331620366,0.43012545379652406,0.522583510301207,1.3919848409774421e-05,264.97035572798904,-22.137236367286953
0.8241712503867031,80000.0,put,13977.8261875,13806.661402358783,0.43658616535566996,0.43012545379652406,-0.477416489698793,1.3919848409774421e-05,264.97035572798904,-13.48697800354088
0.8241712503867031,82000.0,call,8665.1530625,8997.019123289414,0.41598882874780013,0.428494694819328,0.49676641701196755,1.3994794659015957e-05,265.3869841230321,-21.965650177383566
0.8241712503867031,82000.0,put,15186.9173125,15006.151150401274,0.4353059839668969,0.428494694819328,-0.5032335829880324,1.3994794659015957e-05,265.3869841230321,-13.099135354543844
0.8241712503867031,84000.0,call,7969.0096875,8317.57286486007,0.4140732695821905,0.4272476873768313,0.47154350306212406,1.4000379680053256e-05,264.7202555778934,-21.732588773344503
0.8241712503867031,84000.0,put,16414.328,16260.543477999054,0.4330557588985855,0.4272476873768313,-0.528456496937876,1.4000379680053256e-05,264.7202555778934,-12.649817491411124
0.8241712503867031,86000.0,call,7327.825000000001,7690.516405144695,0.412557078976717,0.42636114818573767,0.447042779962898,1.3941182956530897e-05,263.0539872388306,-21.444850297634492
0.8241712503867031,86000.0,put,17733.3365,17567.325604310783,0.43266890268289604,0.42636114818573767,-0.552957220037102,1.3941182956530897e-05,263.0539872388306,-12.145822556607463
0.8241712503867031,88000.0,call,6723.2794375,7113.0571757637335,0.4108152639175204,0.4258099338361673,0.423369674614816,1.3822876153092354e-05,260.4844755555281,-21.109480438017343
0.8241712503867031,88000.0,put,19088.984125,18923.704960956944,0.4321498214313236,0.4258099338361673,-0.576630325385184,1.3822876153092354e-05,260.4844755555281,-11.594196237896663
0.8241712503867031,90000.0,call,6155.3730000000005,6582.213255060291,0.40891164086094417,0.42556777525783074,0.40060638094763884,1.3651868372341692e-05,257.1156231237629,-20.733532106067674
0.8241712503867031,90000.0,put,20462.9513125,20326.699626280628,0.43086180447995837,0.42556777525783074,-0.5993936190523612,1.3651868372341692e-05,257.1156231237629,-11.00199144685334
0.8241712503867031,92000.0,call,5642.42525,6094.899512916822,0.4076420083758124,0.42560797903603953,0.37881243112006946,1.3434964537577455e-05,253.05441856772765,-20.323861693176823
0.8241712503867031,92000.0,put,21910.19675,21773.224470164278,0.431013484089158,0.42560797903603953,-0.6211875688799305,1.3434964537577455e-05,253.05441856772765,-10.376064574868842
0.8241712503867031,94000.0,call,5166.116625000001,5648.004757618921,0.406376371463202,0.42590405210354204,0.3580262296730595,1.3179061400483834e-05,248.4070358578847,-19.886968815792212
0.8241712503867031,94000.0,put,23357.442187499997,23260.1683008935,0.42981510647798316,0.42590405210354204,-0.6419737703269405,1.3179061400483834e-05,248.4070358578847,-9.722915238390577
0.8241712503867031,95000.0,call,4946.281875000001,5438.751444259753,0.40595961630393207,0.4261399458861078,0.34801779214325546,1.3038602406855642e-05,245.895696441149,-19.6602182633125
0.8241712503867031,95000.0,put,24126.863812500003,24017.834280547875,0.4305670117414481,0.4261399458861078,-0.6519822078567445,1.3038602406855642e-05,245.895696441149,-9.388036456364041
0.8241712503867031,96000.0,call,4726.447125,5238.456948168787,0.40519680521495566,0.42643022273339665,0.3382672569091175,1.2890896316078187e-05,243.27570049240092,-19.42888100182328
0.8241712503867031,96000.0,put,24877.965875,24784.459077470477,0.4302681364677923,0.42643022273339665,-0.6617327430908825,1.2890896316078187e-05,243.27570049240092,-9.048570965327993
0.8241712503867031,98000.0,call,4341.7363125,4863.275212122935,0.4049822132409847,0.4271618463381462,0.3195386560057651,1.257685500925736e-05,237.75636290154213,-18.95508051768177
0.8241712503867031,98000.0,put,26435.1286875,26343.115927451756,0.43102493377127116,0.4271618463381462,-0.6804613439942349,1.257685500925736e-05,237.75636290154213,-8.358514022092827
0.8241712503867031,100000.0,call,3975.3450625,4519.608774158867,0.40428087773685734,0.4280756972501273,0.3018299576222488,1.2242837368105411e-05,231.93713721574127,-18.47046776439432
0.8241712503867031,100000.0,put,28028.930625,27933.288075514793,0.43219010463138535,0.4280756972501273,-0.6981700423777513,1.2242837368105411e-05,231.93713721574127,-7.657644809711733
0.8241712503867031,102000.0,call,3645.5929375,4204.763862291296,0.40397307786954845,0.42915015652414373,0.28511975074526646,1.189417537588071e-05,225.8974103324,-17.979354305247412
0.8241712503867031,102000.0,put,30428.7933125,29552.281749674345,0.4671083709867693,0.42915015652414373,-0.7148802492547335,1.189417537588071e-05,225.8974103324,-6.950274891471168
0.8241712503867031,104000.0,call,3352.4799375,3916.220223600034,0.40418724986587656,0.4303653109275853,0.26937816658567654,1.1535594579479692e-05,219.70749971052712,-17.48547834237937
0.8241712503867031,104000.0,put,33213.3668125,31197.576697010183,0.5175106364744735,0.4303653109275853,-0.7306218334143235,1.1535594579479692e-05,219.70749971052712,-6.240142469509478
0.8241712503867031,105000.0,call,3205.9234374999996,3781.0733603920235,0.4038707636504433,0.43101990024843834,0.2618595129944047,1.1353893883526497e-05,216.57573261320962,-17.2385232968845
0.8241712503867031,105000.0,put,34312.5405625,32029.349126815752,0.530233829846587,0.43101990024843834,-0.7381404870055953,1.1353893883526497e-05,216.57573261320962,-5.885059194467781
0.8241712503867031,106000.0,call,3059.3669375,3651.6391157806647,0.4032643652019677,0.4317029803019727,0.2545690949669271,1.117120957853578e-05,213.42873268601707,-16.99203597888816
0.8241712503867031,106000.0,put,35118.6013125,32866.83417521794,0.5306531065902544,0.4317029803019727,-0.745430905033073,1.117120957853578e-05,213.42873268601707,-5.530443646924615
0.8241712503867031,108000.0,call,2802.8930625,3408.8646347505637,0.40303232588003385,0.43314669025846947,0.24065209540058236,1.0804544368077068e-05,207.1138285109597,-16.501722551865655
0.8241712503867031,108000.0,put,36767.361937500005,34557.89828021498,0.5324570143338646,0.43314669025846947,-0.7593479045994176,1.0804544368077068e-05,207.1138285109597,-4.823873760808457
0.8241712503867031,110000.0,call,2583.0583125000003,3185.9200802327523,0.4036618110298989,0.4346816055533073,0.22758399665958612,1.0438569464798597e-05,200.80748060027219,-16.016779436931266
0.8241712503867031,110000.0,put,38397.803,36268.79231172428,0.5327377694443192,0.4346816055533073,-0.7724160033404139,1.0438569464798597e-05,200.80748060027219,-4.122674186780412
0.8241712503867031,112000.0,call,2363.2235625,2981.0008236479844,0.40330798046362815,0.43629443717082445,0.2153201998983602,1.0075749181559237e-05,194.54705585521367,-15.539042826915967
0.8241712503867031,112000.0,put,40321.3570625,37997.71164116663,0.5451388969685153,0.43629443717082445,-0.7846798001016397,1.0075749181559237e-05,194.54705585521367,-3.4286811176714638
0.8241712503867031,115000.0,call,2070.1105625,2703.869362389636,0.4029975264620889,0.43883421705450704,0.19833424419670076,9.541720443307788e-06,185.30827394047867,-14.839099753892587
0.8241712503867031,115000.0,put,42611.302375,40621.33805894895,0.5363807536838621,0.43883421705450704,-0.8016657558032992,9.541720443307788e-06,185.30827394047867,-2.4043533560076082
0.8241712503867031,120000.0,call,1685.39975,2310.946335806071,0.40433156317390445,0.4433070080827753,0.173417717701926,8.69052467607241e-06,170.4975855496169,-13.725335005742759
0.8241712503867031,120000.0,put,47282.79081250001,45063.01149743319,0.5576155724742422,0.4433070080827753,-0.826582282298074,8.69052467607241e-06,170.4975855496169,-0.749947460123649
0.8241712503867031,125000.0,call,1373.9671875,1988.4379752770365,0.4056390375344478,0.44797409456082565,0.15218525709627656,7.899407818787051e-06,156.60840811373598,-12.685505622149577
0.8241712503867031,130000.0,call,1135.812875,1721.8261071403276,0.40810750455814954,0.45274399732062187,0.13406036351329748,7.174274722777104e-06,143.74685219581346,-11.723110785479546
0.8241712503867031,140000.0,call,787.7411874999999,1313.7753988784416,0.41331099565908047,0.4623481576615102,0.1052254536823326,5.9210725061378995e-06,121.15383055055389,-10.025705633288448
0.8241712503867031,150000.0,call,586.226,1023.4241566470173,0.42261947084445944,0.47179152568046334,0.08381578342625295,4.906008912621148e-06,102.43446603043232,-8.604979735467266
0.8241712503867031,160000.0,call,439.6695,811.7276428490795,0.4305678425179761,0.48091568436427024,0.06768025933494204,4.089173079511275e-06,87.03061920127773,-7.420492915013397
0.8241712503867031,170000.0,call,329.75212500000004,654.0029917933093,0.43695292552760456,0.4896519264507774,0.05533707439192519,3.4315692409516454e-06,74.36145401315456,-6.432271311491345
0.8241712503867031,180000.0,call,267.46561249999996,534.221558859334,0.44710338076837003,0.4979787946410917,0.045759988217939265,2.900035014632804e-06,63.91190026430999,-5.605199246599393
0.8241712503867031,190000.0,call,212.506925,441.70345057758504,0.45448476360349377,0.5058994333678589,0.0382302448803264,2.4679065741973515e-06,55.25359589589598,-4.909939973580299
0.8241712503867031,200000.0,call,175.86780000000002,369.1615732666912,0.46315593719666875,0.5134293870547462,0.032237572567844694,2.1142614601385583e-06,48.04044871544887,-4.322545636380244
